beta,sigma,gamma,rho,phi,R0
6.417843124737978,5.023817813557769,5.646017585615857,0.3495437240465584,9.855559031421707,1.136702645257158
5.462096652947462,5.719383443726313,4.784855807413808,0.37842017485669616,12.121051715858137,1.1415384021571382
5.097766463484813,6.987072441081232,4.507678936940977,0.3672698992135691,9.061737547773975,1.130907177462884
5.662187648308979,7.23391033608329,5.08324799850161,0.361665515828961,7.918887746930553,1.1138916790953388
4.219926698698876,6.707526576654401,3.614363490287154,0.346341076409574,7.801580504988603,1.167543527384295
4.563896664711226,6.519397270067435,3.96322902341228,0.3474004117749553,8.448373389376421,1.1515601641365103
4.763868576993851,6.56132062201118,4.147284884396186,0.3367500623292219,9.103006163191857,1.1486716514019837
4.74505975501694,6.732845631543557,4.13711532688742,0.3353184363944958,9.336055550795724,1.1469488713980112
4.7945798417206875,6.731868466560406,4.182060486026443,0.33561936246942536,9.3416685201799,1.1464635334043736
4.8358201136186105,6.592685314480092,4.239346196042146,0.34227078499923264,9.509186443325607,1.1406995064789311
4.752975805603883,6.54399537750111,4.1452833589672045,0.3517884293931238,8.638636710214595,1.1465985299465957
4.736744113965519,6.576438481177604,4.12584257599026,0.35180414774013663,8.852999643505626,1.1480670982286894
5.415675244592394,4.462065018862502,4.615847020242091,0.297241548206214,11.993609054268973,1.1732787548726762
4.033585507050079,4.726701974026812,3.3187698317239973,0.26760725729964735,15.331053695338086,1.2153857337418175
4.036934976060814,4.725550518555145,3.3403983572839144,0.26532262969310755,15.718304764217347,1.208519028054862
4.2752489707718535,4.548251571616021,3.5512161938835,0.2701183619185009,14.322408103124314,1.2038830466405859
4.699481862915835,5.2335757363912965,3.989297674818828,0.30624052845614685,18.21788679380157,1.1780223603216724
4.406823303583714,5.555355488452381,3.7466475777692003,0.302373995626966,12.066813896722882,1.1762043832816511
4.438596194942609,5.7117615209361885,3.797873392863038,0.30574080543910687,12.098843887217354,1.1687056770464272
4.272847519891383,5.679391462621074,3.6173668635773675,0.3120019781257485,12.095552283378973,1.1812038095759474
4.097244648133307,5.707906649189439,3.4542012176876207,0.31278548678920554,12.453445690363324,1.1861627015684295
4.200579532104507,5.775799162579719,3.559552518789342,0.31803247265615975,13.664824497772925,1.1800864041003638
5.314629104530836,4.498348747351591,4.528034584172278,0.3297524667219571,10.946053612112163,1.1737165442834943
4.994584684989063,5.728627888612913,4.342364840328615,0.3135532251222667,12.01624179317281,1.1501992275276185
5.17468613344623,5.777556672951695,4.532485287560062,0.3169099790434231,12.493325918557158,1.1416884568050918
4.158369358799867,5.706420171735726,3.5140472083130225,0.31964482874141853,16.418071709518788,1.183356145290991
4.111212025762761,5.657620031150988,3.46475542595035,0.3141792453670132,17.079196872930286,1.1865807309141003
4.8967764846188375,5.714046812575427,4.227132917241823,0.31987101623745584,15.478528766844923,1.158415545592532
4.270499622302473,6.895888871738481,3.689967239744099,0.3020535857448891,10.729937364436617,1.157327245701681
5.982697441651358,5.234253111397225,5.251370827433947,0.33750576087355344,14.860380429854127,1.1392639442632486
5.2859459695296085,4.34793204592657,4.474812505878461,0.3105955496780231,9.56220020743931,1.1812664692845969
9.765869497167435,3.130171094088673,8.337231476728652,0.2932107489866877,18.707385902330486,1.1713564058316572
9.053830149098511,3.363074559047121,7.795006413772278,0.34276295875585694,17.782475325161947,1.161491045485496
9.002918532077107,3.375661555496314,7.722345446187605,0.34347585821618576,17.503353258972822,1.1658269621338553
9.615137802345727,3.2308416225196277,8.267541634096924,0.34639684861620473,17.49195345394854,1.1629984132999172
9.554435994883027,3.311101266773446,8.22260767859744,0.34463830603315077,17.426787748571208,1.1619715263507213
9.265975773353302,3.528690663497882,8.028177930822608,0.32651220932828956,18.123878336317922,1.1541816652790433
8.291747422977027,2.7555885553831767,6.867855629513695,0.2761081439279315,11.185027966471583,1.2073269838906262
8.670269648336909,2.995661470038435,7.326679110551232,0.3046857047372191,12.383587868028886,1.183383292418356
8.598877135993968,3.1228230400583312,7.302963292751865,0.3227712170174742,16.841428992816446,1.1774504117429
8.650685771208984,3.160003345250739,7.341162570561723,0.32248694519453996,17.089627437207618,1.1783809019430367
7.707081084480177,3.5282992743850934,6.602763399776686,0.3329410869860143,9.976147403369286,1.1672508339070335
8.457936496305459,2.893231423640279,7.07484088287361,0.2877807828806402,17.598470520254935,1.195494942759769
8.135639532609723,3.6382018192982417,7.029455395453412,0.32827962705408786,11.503513684882742,1.1573641306368885
9.521523824519099,2.4346661313972606,7.782653620970873,0.2539260390681569,19.390470111515157,1.2234289598682286
9.255617931443693,2.4626492604067796,7.570999451019334,0.2669183141810338,18.735531900187173,1.2225093914380811
6.255543537776155,4.106634204827081,5.361033119676517,0.3466267493542733,7.319905006652934,1.1668541115361757
6.516377073132379,4.5361047853463266,5.679513380339065,0.3337113778472416,9.255095748453346,1.147347780831067
6.546643438684149,4.574999775156066,5.696508601934969,0.33830351484512183,9.112640589494815,1.1492378746624572
5.998129856048596,3.4039981024366717,4.98440258392833,0.29295488391547264,9.112704338772641,1.203379894591364
6.56973891994141,3.7934379247636953,5.618185471746265,0.30433177605354617,12.34731388878625,1.1693702447134378
6.146858939037223,4.208771334085403,5.286143407977845,0.33477042105393184,16.22282481068823,1.1628248544601318
5.937231452354546,3.74099293912356,4.9866263258471335,0.2986408170246452,16.734091686583934,1.1906309124427772
6.941685869781197,4.401553608144493,6.0638267711450045,0.32212414187854077,18.822164221149293,1.1447698180979584
6.538645904854914,4.404635165717799,5.668723507643641,0.3421703000019365,22.400622997934818,1.1534600154758439
6.668990247751304,4.29925324617751,5.755158428801859,0.3429188091032803,18.31714604785375,1.1587848241285847
5.661526600308533,5.149148499965315,4.91251054373849,0.33705859153201284,12.632048905440277,1.15247113464718
5.467321573869295,5.3257241535159,4.7518535682404215,0.34771088714453957,13.035278062674692,1.1505660886544966
7.883435455745548,2.9970773058232663,6.592434646730484,0.283479079500301,15.691045727426458,1.1958306571389883
8.296941139193066,3.494853230880471,7.1372278055409675,0.3264000311726701,14.380343052563475,1.1624879246185416
8.129705171139621,3.5714577814512904,6.995233725745324,0.3162928645523313,14.401394866994304,1.1621777755929694
8.808838705499367,3.110429914437207,7.464763157342703,0.3142236452226077,13.45051163580364,1.1800560205094472
7.591938979783805,3.794703653072682,6.568759241123636,0.34934856856401225,14.223381251661216,1.1557645365131615
7.852694175743562,2.9364003486958086,6.5285411280209535,0.2850593389561013,19.813015524518107,1.2028252593890008
6.581306059570789,4.673226972790594,5.755975142761515,0.3435236175028711,10.083503201518521,1.143386810460288
5.196373737711884,5.388048551338738,4.4980626904347165,0.3302130508541143,13.907728857172572,1.155247068646275
5.3515108681164225,5.437220655273021,4.654449785957322,0.32938804937742394,14.087296853556623,1.1497622950541144
5.418485327926724,5.4876278421573765,4.724814588722456,0.3449857832232667,12.486311808876957,1.1468143831209745
4.742531386782761,5.297685308375302,4.055847376797942,0.3106584580729847,14.613543796577808,1.1693071622746687
4.68857388952032,5.250400195926944,3.9951644995927236,0.3148451093098473,14.36281068538469,1.1735621624587134
5.612378055739554,4.50305332971258,4.8123147154483386,0.3074948316630822,20.620577259321735,1.1662533287199355
6.508377694757592,3.7207998170766228,5.518117452683702,0.31382088756299653,20.556515581253407,1.1794561733353977
7.550446319383219,3.676911305250141,6.475892992902107,0.3065776971956956,27.877365765903292,1.1659312974533202
5.7590831075460365,4.588275497304803,4.951975740745708,0.30296218850734263,14.974198671606587,1.162986938760485
5.917323904341643,4.729534885634143,5.121202249285657,0.3294186570289094,11.644928626629014,1.1554560074574354
6.639297458696752,3.9226954662806017,5.707329392360052,0.2945469598761665,13.75950497964194,1.16329319761783
7.108343284061187,3.39058931820994,6.011184197680366,0.31878081095392424,7.788963560579057,1.1825196251354597
9.10293282978054,3.505255318273616,7.879913553495063,0.3131036778978778,21.63918449902169,1.155207194594542
6.005171226295483,4.156966621525261,5.159735090626186,0.29397874396302126,7.69049279406034,1.1638526243731429
5.3985095616287,3.712511928600108,4.520584209742926,0.26940447800835926,7.408430234658628,1.1942061714044918
5.102859335539563,4.079634505532579,4.274541187958608,0.2716718668801174,8.95042935577036,1.1937794282844505
4.7210950340038345,4.203209313774643,3.9230131728132522,0.2658031260106761,7.4460479957848715,1.2034359371315253
5.078732321112179,4.449133790252232,4.309080892726292,0.2869188932178128,6.975956135869634,1.1786115061532159
5.117011351447759,4.944152417857418,4.385444351576029,0.3028260474941387,14.039176605908782,1.1668170751291875
4.769560894985801,4.244903501824608,3.993561158868545,0.30785420673799807,14.76799227461331,1.1943127212147446
9.5518486771144,2.8090734602222214,8.01383644265226,0.2972998949847881,14.65952059006614,1.1919195937511697
8.221496327772407,3.5419233205024896,7.087542825070483,0.3129425593489097,5.982370763308642,1.1599924728060669
8.82394394338321,3.4823610403569907,7.623858081112481,0.3062769000995236,6.260035824938646,1.1574118837867469
9.20754517280044,2.645559007469272,7.615380511055731,0.31583695914197174,7.174174233028613,1.2090722399797702
8.987503083524201,2.9003362682551685,7.521019710240301,0.31318996455815845,6.6398596429153205,1.1949846470003527
9.080993691662142,3.4029304604671586,7.87511962111942,0.32053468424366677,6.824106911840584,1.1531245401414374
9.315348365788664,3.393353686951668,8.024147399739038,0.31023464106358084,6.5078861764996665,1.1609144126753728
9.305557332396068,3.6158719492440023,8.080133444275484,0.31541398796807557,6.923504450501907,1.1516588675882276
9.352904442778422,3.6385423944682445,8.131707916164903,0.3264781764102276,23.562548352105836,1.150177126281912
9.398365168464743,3.0020740134715296,7.951926656295468,0.3131911392949917,22.654888073461432,1.1818978688673067
7.167314722025421,3.9042704938151322,6.181309935952038,0.3054519923594669,10.110696550084574,1.159513888850409
6.245482144792378,3.9534585818595445,5.344709212083283,0.3129615154082552,8.110322753982619,1.1685354426154062
7.587363926785489,3.4651737021442233,6.485886431078409,0.29814160476480206,8.62975864882377,1.1698268243534349
5.952952015938109,4.820979037082974,5.15601395064885,0.3263453101145021,20.01982334510488,1.1545647612510765
5.4474196505869505,4.2048407285956335,4.615327149380569,0.2988406453072155,14.022118988468643,1.1802889533666228
5.8832845689776585,3.9578399150305557,4.9765366257335755,0.29372427011606533,16.889248028752313,1.182204615666909
5.615175783054459,4.209433489166871,4.764420293105735,0.29860351873290963,23.30291661453239,1.1785643242221502
8.17235532014183,3.3056326769627407,6.968576978236589,0.3026369906768261,16.698487337596717,1.1727437819320552
7.443968875838236,3.827659008992212,6.426075373834241,0.3255833069077534,15.362040356841492,1.1584004921804472
5.029241943477607,4.8317629831953255,4.290231149476192,0.2892895401328115,14.228652358437714,1.1722543071115512
6.621308784743349,4.341301124259157,5.7333074612589945,0.326127014062341,16.19809996490647,1.1548846506985264
5.41463543255779,3.6709089074285632,4.498356106570703,0.27959729279176715,18.91922590913144,1.2036920386646774
5.853407024570978,4.198770632217435,5.011829126274364,0.3398812231907835,11.892884551423728,1.1679183142706655
6.205736395596573,4.402710213305888,5.351982996486988,0.33419854062546533,11.710127461252393,1.1595209475945616
5.867265187524324,4.19139955349531,5.006315216880786,0.2987409424794515,9.68092894331251,1.1719727850416815
9.955502872016506,2.7180649793414027,8.330452581104343,0.29384098827622324,19.877936019034642,1.1950734699094507
9.975645004547774,2.7873370466275547,8.399688293334489,0.28395758485117323,21.313398830769934,1.1876208564148594
6.822797946867612,3.7968094232185328,5.841457476665026,0.32560564990373664,12.836249108232833,1.1679958253779583
6.397938846316611,4.388929537448056,5.527760225747308,0.33111474471237734,14.552850042900614,1.157419747787932
8.000742879000056,3.8387370910091385,6.933791807028379,0.33287532812600956,10.23610160190719,1.153876998569552
8.137184652145917,4.015612083258087,7.1262679960946596,0.32947866555495187,10.399923813159202,1.1418577938137129
8.552046625099479,4.252458777511305,7.564767916942889,0.3331066456809325,10.697344976223025,1.1305101120082444
9.508052722738915,2.93514924726718,8.009317839435017,0.2861193792127698,17.20218439452833,1.1871239115926533
9.448009550561771,3.020244288526375,8.019436455709018,0.2864772521799099,16.461099590438607,1.1781388384012639
9.339011648333726,3.196491256221474,7.974266347915458,0.2910149895824078,14.89516817900366,1.171143681546958
8.059924878534718,2.7702030736275827,6.649062858299013,0.27399557610103764,6.319952216755841,1.2121896048064489
8.886234920678268,2.805526059453154,7.463053092425588,0.29290699516032825,7.89487145335712,1.1906969990200256
8.686207523343429,3.097574470015257,7.403294339355547,0.2620781453857209,9.426929707691304,1.173289501292415
8.576581453002387,3.2169646882606475,7.312197103860945,0.25154526969010843,9.391752228299062,1.1729144238294436
8.072570470840017,2.947379600060648,6.731877962188632,0.296060676678053,18.747857474302133,1.1991557951854948
8.4170031289903,3.3646648443151927,7.207941373312716,0.30140527390769783,17.3404156114486,1.1677402316497907
4.99554649280855,4.806973305067173,4.252821051044624,0.31223186948566445,13.116788847744427,1.174643003514453
6.898704430787902,4.632153603131356,6.067053280870117,0.33195659621308427,14.402769673585391,1.1370766188159322
7.777471063294303,3.726173087825514,6.736818651476455,0.2999456777771154,8.665144194312061,1.1544723801626717
6.574407849859806,4.33179361972657,5.734046922786336,0.330369929287928,7.777430893199052,1.1465563394212885
5.443945857434734,3.8562019960763463,4.582746253078063,0.31816845805212635,8.449081740772302,1.187922166490941
8.606960009472372,3.622567997270035,7.44735508758365,0.30646645254396115,10.010839192203775,1.1557069467282464
8.71907998499634,3.1861621038550787,7.417016036613932,0.29321908540587904,11.871768691635154,1.1755509145395937
9.195347040952223,3.036911999943105,7.804770637474509,0.3016707963189799,11.334492248546146,1.1781700536849704
5.266749901270448,4.231818299802343,4.444717370006551,0.28660428424839585,16.473141006975975,1.184945962326213
5.369060721145729,5.5683181450358665,4.688480051800995,0.35270351388434046,11.441456183162067,1.1451601930317057
5.440098681641207,4.840398314891498,4.690501180995549,0.3248147473542911,12.14923164530274,1.1598118136464382
5.120143416834825,4.70529716859903,4.3730303313682555,0.3262308265986147,12.490113975101723,1.1708456216522076
6.324390752141055,4.41354412679875,5.464137431575576,0.31823692881533416,12.912943606901893,1.157436252535366
5.350671332526647,3.9705886869022833,4.511441148075928,0.30566950450442454,12.088085361858314,1.1860226382003543
5.777423357047309,4.051083612736598,4.897137950674678,0.2936569904364896,11.031993386024698,1.1797550763811653
6.259936486843779,3.3091268071666353,5.2306626895189625,0.27951893917861725,10.525225264095859,1.1967769398296784
7.469771879986349,3.154020774833401,6.274094156775333,0.28712557271898775,11.156738822458056,1.1905737614600214
9.194290028562767,3.410970528047013,7.917683470008078,0.33469626015964943,10.939682338073688,1.1612348565575312
9.13836180152598,3.268407110409602,7.830113687613534,0.338211078671423,11.470811988083641,1.1670790701266527
9.114801899087876,3.2899324213642305,7.8338942060831505,0.33778641798843423,11.480923862213693,1.1635084236917674
9.595111026842073,2.5738446548058596,7.944710981171026,0.27067794254048244,8.760367129180143,1.2077356935428485
9.837523007925924,2.9522416033342007,8.348527467545711,0.28419830413500263,7.824385149229691,1.1783542721957343
7.550834408362806,3.605993463666214,6.498260453538221,0.3207145059221853,12.45059778018434,1.1619778034983919
8.884097840609444,3.2308598746290063,7.60957933184097,0.30530955356293227,12.727311553645032,1.1674886946030605
6.554766038228382,4.867667846840104,5.724460015382452,0.3491438195757437,13.284044142225076,1.1450453004501346
7.45717803471761,4.003449960660674,6.473933132443709,0.3412733732914733,19.015868626208405,1.1518775189917287
6.437160397421587,3.862865673266814,5.507816705598942,0.31223243604267026,8.785895328738937,1.1687317754924424
6.748893078342398,3.925331240756381,5.783724637336823,0.31428223069676253,8.943984854168736,1.166876623893007
8.018535664830528,3.2278662094769293,6.791485832755077,0.3103980629584635,21.99893793574382,1.1806747245436982
7.31987194131661,3.2914918374961704,6.185985706235432,0.30144549449744845,9.473297115612308,1.183299200633171
5.6452083966975675,4.276994063575951,4.817003482804033,0.30318725877972247,10.99065351429166,1.1719336340216693
5.280371088412327,3.760790943603655,4.375739595213206,0.2803082232877314,13.294486448814668,1.2067379636093365
9.149616113607536,3.3039176872210807,7.870760152130966,0.3245257187444534,9.549615772527448,1.1624818869788995
7.552465430819452,3.831475583644013,6.5098778773033485,0.32455192366751684,10.683658371923183,1.1601547023103274
7.568193701765624,3.824892858458895,6.51991867453834,0.32486745757360025,10.647421009680956,1.1607803838598507
7.740849023880636,3.9571068114826566,6.749000582916435,0.3197650670161223,10.379308510574957,1.146962269269148
5.0505420536725625,4.366263119576495,4.284766557332271,0.324364719715006,9.261753260852906,1.1787204707873442
5.697286625134807,4.230878331850202,4.835217718402629,0.3326385457058301,8.860831214934032,1.178289573900919
5.71540077034036,4.292049887400821,4.913571707498208,0.3324943730558819,8.761425614172964,1.1631866004150393
8.408269532055424,3.4438939313067554,7.194205041346049,0.34053358269875983,15.886450163522778,1.1687558922399328
8.355596666564761,3.4344643953462324,7.2044434729023274,0.3405684965798458,15.863108238884317,1.1597837776078335
7.933007701512976,3.5602825263634545,6.805871320794338,0.3333139722618949,19.04345142757501,1.1656123555076392
7.178301897161247,4.266999107724475,6.246602260371069,0.32792102010285895,18.68210773898839,1.1491530271906303
7.943416118357582,3.6616761032457146,6.855274865163827,0.34466848308197384,13.527994304146112,1.1587305067406295
7.175176519194532,4.752173593362035,6.353776951109251,0.3501198829927724,12.496003755242487,1.1292773690996314
9.061598530199078,2.8769641114756017,7.613715840221005,0.2674483746132895,9.570022053133549,1.1901676816370448
9.183581895514545,2.771458615699148,7.710908203110156,0.27176313910768385,9.53663412879456,1.1909857637535346
9.923187681109116,3.1018618454694793,8.509622385121338,0.3144841521184538,14.15078128289217,1.1661137512352286
9.238018913051832,3.4152768112683796,7.94738532151162,0.3034276498241882,8.368025754796196,1.1623972588879998
8.481898527234407,3.7203998209860556,7.380781369513684,0.3381357002794156,12.51849506935709,1.149187071475777
7.744955846522002,3.4698502252647194,6.621133746478441,0.30875726031571776,19.132450926489064,1.1697325779956165
7.786519025096937,3.2115195100068235,6.570299784666851,0.292430454122778,16.552332859590116,1.1851086373970918
7.7395474412495275,3.2066329088816037,6.565699478988098,0.29243402262802737,16.54460980916094,1.1787849057085298
7.056985188584974,3.6490622522461784,6.05119748560473,0.31566416567671784,16.091342452735788,1.1662130025293218
7.3961595947323735,3.6329229580575646,6.353755671127445,0.2989579393619511,19.695742944795544,1.1640610652282068
7.383444384263306,3.6328498429613507,6.320368202797369,0.298648148017309,19.7289314376688,1.1681984573296575
9.536151039427729,2.790692829804212,7.992792581560662,0.3040210000682437,15.36473183408178,1.1930937706838018
7.836936581549438,3.907621614537823,6.83919324173774,0.32401159464849394,11.124587455509497,1.1458861161756244
8.892957065185737,2.819395210897844,7.471729395978195,0.29663572121049286,7.60789604131395,1.1902140179183343
8.183543146720137,3.3018265463960623,7.013517667985996,0.3035241892710216,10.904990168491542,1.166824343235757
8.335809923480056,3.3695852047028967,7.128329717787932,0.3034043155797953,10.894585716916362,1.1693917444193127
7.625258445198858,3.104679457551151,6.422560897804115,0.2895028533571532,9.747503718053458,1.1872613691846732
9.279385219380949,3.0165381798340123,7.889135756634384,0.2991684366508235,7.69721803465661,1.1762232905648038
9.120248281890206,2.862578785865388,7.705240332144426,0.29812319279602834,7.506670085583738,1.1836422861260671
8.792984632909576,3.96267944022677,7.681282301730037,0.3509073261233087,10.070034555874795,1.144728742872678
8.184452936222925,3.723717685576066,7.112090594147501,0.32366934225687105,11.273992742269554,1.1507801859214033
9.522282519360791,2.8501940314190457,7.986809428834953,0.2805423024719114,15.913391666062404,1.192251124082451
7.986264654303768,2.7968391967147266,6.652099834269406,0.2731228060756169,11.379126166847527,1.200562958054416
9.22167792434432,2.8270261020089533,7.753660165422582,0.27971835263162714,15.104629013454899,1.1893322285993855
8.87042322919177,3.3346945518807667,7.605230065194298,0.3235292178129293,16.91781309984072,1.166358302530214
9.630575760598788,3.3274884055688654,8.30273643592833,0.3204969730277252,8.058190878887306,1.1599279147203223
6.118280442249968,3.3874905315946515,5.125675744870665,0.2880431427357424,10.529185804483596,1.1936534316226726
7.168685874983211,3.746553874679343,6.1282789907035315,0.346301287876606,18.45631658914875,1.1697714620789874
9.448706522021793,3.3327797497868037,8.153111042308854,0.31375178662328895,13.203760646912663,1.158908111638578
8.886680896594836,3.7017785353713406,7.727161544425007,0.3609280559930383,11.030851239937293,1.1500576046590354
9.459800279554099,3.3909949504582126,8.161639981673627,0.3213036239231187,16.759567117809375,1.1590563049577531
9.469938405727893,3.414548470451461,8.205149759836301,0.3044730214489652,15.622127139498268,1.1541457112803295
9.798615036560898,3.406759235707891,8.468598159101594,0.3212949202236706,14.589259023406864,1.1570527792760923
9.809464418411887,3.473815992328,8.530079274203585,0.3312500578497987,13.858886553707215,1.149985141178861
9.59893573343464,3.1444362816100777,8.196104825864605,0.32663199355446926,12.49268484239817,1.171158243748066
9.601977715848285,3.4314630133246506,8.31536949220972,0.3115624282180713,15.400867132382473,1.154726524761639
9.946977664416146,2.5296265708054597,8.22188450913273,0.2860301577020619,12.63097487324371,1.2098172448624414
9.99467402603664,3.1071947888859355,8.541122144887353,0.29002367547247926,11.606080896895163,1.170182776512495
6.047540288369976,4.151874246423909,5.173241255052358,0.3171527914108052,14.127929285601203,1.1690041098438524
6.1480874563457215,4.07884262126163,5.2600733329335965,0.30666374641557514,15.87860021589096,1.1688216241876748
6.588280799189074,4.8971396365079745,5.777606507638805,0.3414536311741608,9.179661208354474,1.1403131712896064
8.166855211264693,3.6973426250533485,7.078491628108248,0.3451301164965934,6.026000755402811,1.1537564272640546
8.161830131666413,3.44756751098079,7.003413865186769,0.33697496517289055,6.469564330582774,1.1654073697169334
7.537527300887359,4.723594439549379,6.671734494956853,0.3725100704472533,12.318644416737174,1.129770272870564
7.6451062133493854,4.980515748270242,6.814659931814276,0.37995420692274984,13.995605506955156,1.1218617348252649
5.271338633583692,4.383774845595911,4.480439832577465,0.2642234983041886,14.141752748604965,1.1765225804965773
5.007310359778576,4.475481608903966,4.229725505338482,0.2670220638661893,15.10133635342971,1.1838381364130313
4.329592537355699,5.024130542951084,3.628656505831774,0.3083656150234151,14.104497957979264,1.1931668181866815
4.650233032421333,5.384041103775442,3.966765558717017,0.30935115744287695,16.51685085310038,1.1722984289309428
4.161477998482845,6.031468985692813,3.5457859266507805,0.3079197284537171,12.879234017290718,1.1736405086399633
6.425061363602892,4.382048356815169,5.566770632070453,0.3245761916475087,16.527566122893603,1.1541810841976823
5.84838513008875,4.363122909508441,5.011346644499233,0.30053350672012746,17.48149887670741,1.1670286541659023
5.808955929401545,4.10809011697314,4.941403043913538,0.3163998748959883,15.019210620189419,1.1755681286829245
6.2998040796871875,4.281933196731821,5.434554753552331,0.3107504581782331,14.985943502493356,1.159212551050163
7.192917230775395,3.876053289266641,6.2055368591719136,0.3437065569549598,10.179910981909856,1.1591128042602974
7.357401680741508,4.021185969918518,6.373029186826285,0.33993344099388884,11.425855409887118,1.1544591221942029
6.788743215572048,4.476006020714936,5.916877878230421,0.3427899945623336,13.054026939705734,1.1473522616631018
6.5341579665410086,4.553963730967668,5.712550817214247,0.35754068486125146,14.573007634359566,1.143824917382078
5.139423584602073,4.6462503973533105,4.389577632859854,0.312806698553433,19.762605832871625,1.1708241690792667
6.676390971669226,4.0169648583992865,5.742284533481145,0.31253097057557633,20.770044675791627,1.1626715696064258
8.029641093813092,3.1353152385261778,6.79111305012966,0.3006278868711422,11.828641860603982,1.18237482347018
6.530841076865898,3.951797394180471,5.5879815179910315,0.32693292759295206,14.483424774775974,1.1687298993096598
8.622228587072385,3.539085820432741,7.4695201647122245,0.320254230264749,7.4164311850325895,1.1543216159728475
7.746545564811785,3.0445669741797894,6.474939716471977,0.27557808775755144,24.979094440930897,1.1963888320233926
9.44516711829262,3.310806463247802,8.132392081483763,0.3271060143679214,15.657555758591766,1.1614254482144126
9.184513848410441,3.3494128353541472,7.926662589267224,0.3227578410741062,11.861589904072915,1.1586861109549889
9.400085390374121,3.504452306343116,8.133829747273953,0.3152529770950071,11.323888261720525,1.1556776675248892
9.255489745449703,3.372086306226028,7.941849971272364,0.3135694169677265,10.988888649177161,1.1654072765072494
9.26801382643015,3.40814231422784,7.964481748891585,0.3274770750667385,9.9570974148021,1.1636681605454087
9.203624250275524,3.3999906049769546,7.982496865839432,0.32821208814247166,9.918175864365859,1.1529756171482917
9.1159034419763,3.569208387668617,7.926332472467554,0.33985795885887665,8.86678759093168,1.1500783588930656
9.691151903797438,2.9293274837721626,8.178155420107242,0.29763993764440455,22.422805198179717,1.1850046136284307
8.31427224034097,3.362184896790409,7.123922963996553,0.3326065505808222,11.165789305573405,1.1670918231935266
9.128591278399018,3.609767739559684,7.932156876906976,0.313479223831725,13.926492102106973,1.1508334265268052
8.912080074014742,3.1794903615596817,7.6244779681352135,0.30157473822440695,14.636389572856716,1.168877411838656
9.029765582964632,3.166102275038834,7.70007928772898,0.28981470580483165,13.39987746578485,1.172684753695286
9.887046964414791,2.442818213048534,8.111946703513896,0.27541798508364207,11.185792669126993,1.2188254343599134
9.448639224472013,3.484647445396712,8.182267546499494,0.3293634667535843,19.858503601258047,1.1547702602946897
9.044555282810384,3.291242687034685,7.7413936867074655,0.32366186194319063,20.61106998949835,1.168336820066462
5.056865884616215,4.40167543169329,4.285786811762142,0.3111551956936846,9.163687208247001,1.1799154056701753
6.938564251438503,4.596193315820265,6.094470403843972,0.2936352787683164,8.50618120717182,1.1385015910590255
6.698617358057368,4.437869276456956,5.824207673677516,0.29608495148500064,7.998028056344213,1.1501336719725404
9.52072360276574,2.954770834104142,8.069200660003311,0.2938838845517589,17.278654355711275,1.1798843533483072
9.483380491191276,2.7290125947436326,7.900319079809955,0.2971445816693209,13.782457408466682,1.2003794271331383
6.3587961769255354,4.164918378029404,5.49519527169738,0.3267506750181691,13.12888376181387,1.157155635519646
6.665292585117526,3.9550682790629788,5.713825214061892,0.30338042615568145,10.551448771046033,1.1665202093886324
6.688389057175804,3.955670680483098,5.712592375629068,0.30328885298002345,10.552607199541637,1.1708150376192876
9.387627337285519,2.923250491927355,7.9333538216802175,0.29270770332918755,18.826192431055446,1.183311314268005
9.004463762122823,3.24551483445145,7.66537062435931,0.3192983786972153,18.07765713750507,1.174693854137736
9.93434807917617,3.064017259504766,8.508626862182682,0.30036291432697093,10.851785580403824,1.1675618451821206
9.85519876262867,2.433522699323886,8.045358713604374,0.29424773754415495,9.839879095732702,1.2249545500020937
9.01235186747159,3.6961077761779495,7.863954661873995,0.3174106018267817,11.672912035779698,1.1460330399875334
9.266674599337808,2.9177730865399467,7.817378372659484,0.31483045510442115,15.294830598153382,1.1853941510298511
9.684648268948033,2.7403267927352717,8.119583324856807,0.3049826297478303,18.539869521067992,1.1927518791881881
9.712000597225872,2.8453825253155816,8.201118958682603,0.30257155718267525,17.94075488762739,1.1842287188071676
9.88263048984457,2.5162780733360206,8.119879552451135,0.2611268834464754,16.836985318502087,1.2170907740695878
9.669506896969395,2.4348658198530653,7.942730664416867,0.2581695020712375,13.894879304117373,1.217403347225208
8.89014647722247,3.4255749326734444,7.689947346439978,0.2882514656752894,15.08370080325576,1.1560737774541612
9.61503948770435,3.232544384704845,8.208261497869202,0.3587926536332559,18.13826137768756,1.1713856204752169
9.172584195445095,3.72258936133965,8.016122378405802,0.3192348278085993,17.260836320896928,1.1442669862619144
9.43435743735856,2.76437691313139,7.921295333125384,0.3145407975825013,10.875278327129772,1.1910119545607436
9.670613176341707,2.9481271463368506,8.169497097958645,0.310942983249196,10.205036763141946,1.1837464485737015
9.64305970357546,2.9702266183535713,8.153589875650155,0.3097279919318173,10.245569913697663,1.1826765695406696
8.960042686367862,2.723833591848269,7.407740858480185,0.28250201737167047,26.07577562816352,1.2095513136249418
9.622112585627542,2.974959326670463,8.129482305794134,0.3208754528428794,13.41588864272251,1.1836070519237818
9.465006931712182,3.2519973279817522,8.157154858639036,0.32268656659145006,11.894250598847421,1.160331892153308
9.626536919090999,3.2278847991810617,8.30101005225184,0.3189703946214316,12.153013246970264,1.159682599887899
9.928265297182179,2.8428028658279283,8.397261480224403,0.28870380044141924,8.81834305064329,1.1823217986677321
9.968387169655475,2.9156039478032016,8.42728028728162,0.2880829913169281,9.719134891572125,1.1828712027888382
9.991223895657235,2.7441581133678303,8.37015085888401,0.2805495878994983,26.461137696591038,1.1936730967103935
9.62535735925302,3.2069534717348565,8.262715883400256,0.3222490364826638,9.579250182171716,1.164914477888596
9.62686052249894,3.1989374296680233,8.274842300588329,0.3228196037583325,10.101596908780493,1.1633890016024215
8.279077431628039,3.8357055866035608,7.207002199376554,0.3691579416847838,12.446488954728876,1.1487546697771545
7.114201284389042,4.405848403693751,6.2277403361067,0.3440563348324168,8.360844684573118,1.142340704724455
6.169505235556246,4.097403030444113,5.296365379139166,0.3162762547331911,12.204572975636868,1.1648564239650312
9.784581334243727,2.7452448408277306,8.207859783438652,0.2926263335952561,9.77096744314633,1.1920989871179932
9.94485206361113,2.8312799581303816,8.378015093499792,0.2719791821810511,10.239693236760237,1.1870176829028383
9.981648671985988,3.116615194686657,8.530675487099444,0.3067019244973903,22.940373453427277,1.17008889707278
4.360973190899351,4.606716268142192,3.643687649308087,0.28875227905535117,9.96994501626499,1.1968570334856974
4.503480384305982,4.5517396276758815,3.753897761693885,0.2870113575593555,9.90973378672344,1.1996811501530773
4.235141318612463,4.686236797952443,3.527640252229676,0.3045312363070815,8.586231977154466,1.2005593019116971
5.393973413310086,4.557920653655705,4.607356888239512,0.30409089176403636,8.196742353305098,1.1707305390382168
5.692674893224578,3.6651626702038187,4.755925906782261,0.2954497116474238,12.839586744332832,1.1969645879273374
8.392633048675977,2.927735860636321,7.043508367981602,0.27237662145876185,11.89917741825966,1.1915415742000435
5.939494247943688,5.29294552501488,5.190140475434113,0.3450133252763605,13.556707318248236,1.1443802486765828
5.936559013550402,5.292678728496966,5.189423657119379,0.3449944637031767,13.558345681071394,1.1439727040605032
5.231353986039333,5.215030355615726,4.508906341820964,0.3350257967251599,11.626751717623875,1.1602268021221753
5.188188066830679,5.175929789032241,4.463270218305148,0.3514140909292964,11.694793718446443,1.1624185435944334
4.616230071581491,5.152648732099618,3.9120937349070872,0.3390803796020439,10.733480678002936,1.1799896383850645
6.601215928443508,5.093543279657569,5.833486396762843,0.3261270120357657,9.527532593377906,1.1316073235564068
5.949199062187291,4.992916210933598,5.209209502638948,0.3154136742271931,9.581263081987611,1.1420540984526482
6.425663878738571,4.267577455589663,5.549888129542842,0.359243289227608,13.462577298593652,1.15780061304909
7.26960333566483,4.143146906098332,6.327544698278111,0.3118915997460725,13.911716683235262,1.1488821782077774
7.313421476772313,4.154765643868603,6.360153920892435,0.3033630439005108,13.343928511557635,1.149881208495363
7.384438988639393,4.007184551377617,6.41792834025265,0.32966358695480136,11.792455647033155,1.1505954253687873
7.230716855502132,3.5424656059980566,6.173614789586398,0.32806203211689006,12.024608801841469,1.1712290290121188
7.57143692986799,3.6811321257406244,6.498634755186117,0.30061426883669556,17.357047411008494,1.1650811616741106
9.067221507267663,2.827834897107867,7.59048086146782,0.31157746168877615,14.99626778987089,1.1945516592099379
9.541784814584203,3.5833940869476772,8.314353675378975,0.3393871152524301,15.015513335419309,1.1476279681053236
8.223604696407186,3.7324613441817975,7.1099050660713905,0.3276006966588438,13.501833453840577,1.156640576770904
7.271072663004238,3.272290466605935,6.146630281794496,0.3052834629405431,15.52946005244248,1.1829363943590672
9.547961201961973,3.2089091740684164,8.170765188984818,0.33513823106359697,17.85196573973123,1.168551657173282
9.622844132483358,3.258698923090947,8.237656363038845,0.3304174025895051,17.375912676608955,1.1681531382711772
9.650787579623113,2.7373646512858527,8.069746373327353,0.26986503832418146,12.22953763961777,1.1959220442815301
9.688986004173147,2.6464377270552526,8.064387273701742,0.24892837833733966,13.229295431772945,1.201453461414146
9.15102228790723,2.5914132594917656,7.511283957700117,0.29922948938171345,8.196146408841315,1.2183033339494709
9.154518045399998,2.8249251046769372,7.705760503230732,0.29521684158342715,8.858471084713273,1.1880096768595205
9.092152718242291,3.7767628551734673,7.969504780119154,0.33284687897925147,14.961631703476233,1.1408679672197088
8.882877755872155,3.1226748575475494,7.522533911718468,0.30806389645950066,11.318301046411696,1.1808358539978887
8.857142020325309,3.1018168537105364,7.519415636195206,0.3177738437762578,11.29545259501231,1.1779029713015021
7.086833276466752,3.753036130247091,6.05497570289875,0.3210603719192857,13.129606573953673,1.170414816540719
8.657055507328872,3.1077482026335774,7.335608872651328,0.2823103231858148,17.262533156195502,1.1801413703508883
8.647544497322546,3.0218362245991006,7.3025789927155715,0.28284807015017993,17.53913983305011,1.1841767827432743
9.069755160435026,2.939554151339703,7.615291112423751,0.28942574885695016,29.59492647899568,1.1909925735653664
9.072391543323935,2.950239781774409,7.65423967739189,0.3006942611429226,27.67257077376491,1.1852766474142167
9.10446462299353,2.945139728399127,7.63027195409984,0.3006440405782809,27.541319382297587,1.1932031620578856
9.818769782686973,3.4343280914848537,8.485168409204078,0.34985427806916036,11.332113853677644,1.1571685214917247
9.028217901677802,3.6918888131102565,7.903089288317664,0.3338532798242879,9.284334033397304,1.1423656714878954
7.8942204922447,3.520026121120758,6.812540072196858,0.3329260882604493,12.861748376926574,1.1587778432984732
8.564516145370627,3.5200734054400824,7.419192971336955,0.33184102837757407,12.584806250677142,1.1543730131374763
9.339375353475104,3.3848792866076867,8.075306183881622,0.3205475924509674,12.395231301341205,1.1565351382114246
8.750998572411495,3.0453355760106042,7.423352243027678,0.2965770637005742,9.200332970191004,1.1788472762599669
8.721249435777544,3.3459362746436976,7.495425727839466,0.3152374446768235,16.398576053685495,1.1635429063602258
8.738193750860331,3.0477374210598893,7.407737000632486,0.29429958520608684,16.711191988522096,1.1796036698001358
9.13612654602223,3.33320825607371,7.842485589484578,0.296177884446625,12.754682721495968,1.1649529274586363
9.600322057887434,3.312087190752732,8.272447364182812,0.31194057996483116,17.014610821510132,1.1605177567468024
8.83358009970194,3.3910951307496653,7.586656619951074,0.3341612590689493,13.254755617512586,1.1643574425751337
8.694631505365914,3.510614286419027,7.50794061241688,0.3099277309031469,20.928034483080303,1.158058108635868
8.203994946408724,3.10144253560064,6.951260041134755,0.30971881590462175,14.392157104404163,1.180216953165439
9.501662307880439,3.1537906231434847,8.110029914742848,0.31695982866559735,10.444805293605441,1.1715939901291619
5.7593356920788485,4.374693657550732,4.930095222281819,0.31993182487657723,17.03341164292125,1.1681996862959632
5.581907152459153,4.547035332217124,4.791330408496258,0.32770024365664807,19.353396937354294,1.1650015082577065
5.876208707546578,4.294699014095505,5.044583359651846,0.3106156662662776,12.276074615560342,1.164855110641313
8.018193903043915,3.3235519830445663,6.838870507226944,0.3272839815153749,12.729056831858765,1.172444176939851
7.776141633512437,3.0769292936820234,6.492953756690423,0.3311424655484565,13.343604791026292,1.1976277553955779
9.549481279648978,3.984577602270626,8.439687613506083,0.32683252376736716,9.574023338447795,1.1314970075867365
9.667493914986295,2.5708082880876373,7.979299182080305,0.2617784073179562,17.893376936959037,1.2115718052905313
9.892307200368371,2.239114695074809,7.996297390935159,0.2533849895085198,14.602247565907312,1.2371109673312783
9.989696686523061,3.212031887442743,8.593849380910932,0.33192491547104447,12.451479719592546,1.1624239899657367
9.964842416732482,2.8043261848627647,8.378093707075578,0.2921149014603836,8.193167382471096,1.1893925712858573
9.963073978864568,2.847219865442885,8.37636431513664,0.2955279848346705,7.950437689909387,1.189427012010526
9.978971258886054,3.223373929807454,8.62411946226654,0.3304472518216326,7.083021016427946,1.1571003048540145
9.990864224259315,3.7636616901884308,8.7552215592031,0.33043058674298914,8.517194575633665,1.1411320840598673
9.997415550476841,3.4211702435436835,8.679557105544058,0.3537149313274155,10.318303720104348,1.1518347571088625
9.999444550419419,3.6857187162341223,8.773144027548494,0.3352578999906041,9.816606111869074,1.1397789115304875
9.999426777625226,3.6827897807858445,8.798978691646822,0.3356003355813485,9.79632099937287,1.136430389031176
9.999345774254465,3.571475060329254,8.747592942962685,0.3364726707270949,9.677398324540384,1.1430968312601695
9.999256396778039,3.1605768217052157,8.581382629250239,0.32674237179190174,13.502354586734635,1.1652267272985681
9.998259181852964,3.1493349217528213,8.560815222714863,0.29321047699984043,12.199426874527987,1.1679097050622065
9.949189450905832,2.5450616560084267,8.23752234653556,0.2854052258243842,13.966516925686339,1.2077890696211762
9.631311957160122,2.8697831468072175,8.067013261053424,0.306223468740607,12.562231595898584,1.19391299425017
9.682838119958618,3.1535182441625724,8.327424030555342,0.30950264096402363,13.567214366196458,1.1627651101264846
9.519681323988559,2.802668391008697,7.983679210049083,0.3085820660894357,11.831688051408543,1.1923927644795778
6.712521854382558,3.6773907024244097,5.7101470762489,0.2858053633617265,10.871598108110794,1.175542725038203
9.2830093433555,3.0626510293095643,7.88512432594816,0.3236664450012941,19.0523519504315,1.1772812906458832
9.431989381374422,3.003437227971348,7.988340781810346,0.32166380293146735,20.40533046839537,1.1807194558914287
7.731255793018579,2.8731867526015544,6.417497385936366,0.30437788470541033,9.629555270630236,1.2047150669607205
6.069061644965319,4.326097405573637,5.231525551405841,0.29937474061013586,12.267725680017643,1.1600940462451552
8.314580218103153,3.275381659851401,7.083424345292419,0.32246799019637734,16.309184524986467,1.1738080076522521
6.813088560003695,3.2501983596638726,5.6805428863613825,0.2904449016663193,19.374230682295174,1.1993727881821792
8.995823892803317,3.9834848359807533,7.932827744279825,0.3408720444410837,9.226105522755018,1.1339996509176684
9.413455989261966,2.8302407678739,7.92625730739051,0.3088893500428914,12.274654834392232,1.1876293721230546
9.630722785868413,3.4520918787635253,8.35619229687342,0.29738578691512113,15.751076089578097,1.1525252703281943
9.072252257355089,3.1503732798575474,7.746817486145579,0.31790731982036224,19.147192103861762,1.1710941007168323
9.692142178985748,3.3170571734162864,8.365304168162057,0.3101994053364652,12.947729255080258,1.1586120461553056
9.641924889180098,2.764447660771243,8.081297207043548,0.3148608148346077,13.434536470156711,1.1931159864750833
9.721192104801913,2.9089327586574347,8.221481712168137,0.30951119864036386,13.06198366507947,1.1824136384581556
9.34356945837696,2.84791779921511,7.845210692095012,0.2854719774933069,22.216854104763904,1.1909902518987443
8.907452433121284,3.173631225995432,7.57528536897613,0.29960183805534396,20.45077814622676,1.1758570138625957
7.803982483287081,4.2428445195794415,6.858326747941198,0.34937089896592366,9.710338900440032,1.1378843222408088
9.635063101599041,2.826267088548141,8.107507508969139,0.3005121779197612,16.48919438046063,1.1884124795370223
9.564031863187013,2.9107925534702095,8.067761394415928,0.29496285092778424,15.891033651404667,1.1854629054605808
9.236134856061048,2.97603199131348,7.8152833937462685,0.28894170346274783,17.413159148774696,1.181804214988766
8.738412015035157,3.23555452425778,7.4622269504992955,0.2967288786353876,18.12812461612509,1.1710193314946649
8.739686896169003,3.229565462417272,7.448726679368402,0.29694253187050473,18.162727109333993,1.173312872437154
8.245950424535854,3.1767356379462175,6.990634052585952,0.2948872007085696,15.909209614593246,1.1795711751619355
5.522673908090804,4.019868041926489,4.656176048675935,0.3008715154348669,14.257803380758293,1.186096455622908
8.544960089113143,3.811339703944484,7.457608218741666,0.33103543872853985,10.202966140794143,1.1458043703125702
7.749568458875383,3.301604070772693,6.576988234615809,0.29635876598204064,20.533154030429507,1.1782852853663452
7.4285316143794216,3.5364542552240903,6.33274414844192,0.2931529995468804,25.233538605553992,1.1730351708914537
8.85027252298549,2.938364245682152,7.461716659183391,0.27363317442867796,15.314458974907186,1.1860906715203605
8.76102278352312,2.9609106936237475,7.359582448082941,0.2835034004142459,14.189819552190555,1.1904238922963943
7.873719019444582,3.7652070074828816,6.789886316446645,0.3171025989425766,12.928261488820093,1.1596245728551668
8.289682660453831,4.357665121226697,7.30034762354378,0.4001172025675274,10.261858621540416,1.135518894157783
5.075985918780019,3.832453050193176,4.198635598324416,0.2739760865007819,11.321073072794308,1.2089608159388099
5.179150755569559,3.8174138733320553,4.326972884480864,0.2836993129173843,9.768317256630384,1.1969455075961115
5.642118666007017,3.80116286006481,4.733788750278745,0.28461330067625407,9.64347181656959,1.191882224502474
6.562047629921487,3.85762517645262,5.626766875628898,0.284870738122274,11.421816216842556,1.166219922553314
7.458848399945049,3.0162012654676142,6.2270700465010185,0.29916383376672095,13.235638231857134,1.1978102613662047
5.288831172396022,3.9143537066007976,4.427105730824762,0.25840915268689224,11.8431069203019,1.1946475855707026
6.493952856656276,3.1581374697453133,5.360392472815452,0.2899772977599316,18.243758649424915,1.2114696618931415
7.8473840389667835,3.2438703808610936,6.621850732904592,0.2787161031568773,21.26896498344933,1.1850741364453297
8.948704014756174,3.721803601832923,7.815783097979312,0.3367620621561405,10.205770073545851,1.144952962815686
6.456795915707797,3.384123316780009,5.424201065102208,0.28603170174082015,18.250767390519044,1.1903680999675723
9.744528441471973,3.027504334871504,8.282258749865607,0.2978977965212685,15.11009127243801,1.1765544564313561
9.692200341342527,3.051260219181581,8.24159849306255,0.2982190172234444,15.850943150501818,1.176009769160805
9.683021430797051,3.044382722666949,8.26650911394169,0.29876485088272664,15.881585054410262,1.1713555622247334
9.670105263731637,3.1430190650109453,8.254676413349948,0.29870263188660606,16.155104898441117,1.171469937706168
9.76671505352197,2.8715512148147857,8.236556652990464,0.2773894483075363,26.263088925612763,1.185776467642695
9.639908582621855,2.9723706643023444,8.153189653520867,0.2912963649875698,23.632801982492662,1.182348135181544
9.503170910453575,3.108994930671105,8.099459021331793,0.2881166157394482,21.385216701180465,1.1733093389848364
8.986608630550979,3.1920310147031827,7.691506215187485,0.31485290239245595,9.767562052032769,1.1683808579399197
6.6208252136173344,3.3138678274619506,5.548409097520057,0.31656589930814966,11.475984455005136,1.1932835335766083
8.198164317048292,3.2560456805470963,6.978112035926961,0.29453157522537887,14.402167614289368,1.1748398814521557
5.7318016080485,4.063076874804897,4.864851434528089,0.30807804167831954,24.93015483954649,1.1782069165293039
5.659425891300711,3.934911730055723,4.760266925846938,0.3100376290207468,26.46187818845801,1.1888883500569238
5.970323533943556,3.966452460183265,5.075467574230507,0.2879393165313534,27.651843673332763,1.1763100535321058
6.197665248659877,3.452708123702201,5.171853216506973,0.29405230929067533,21.806037903374072,1.1983451558290221
5.776414693138082,5.4066528330084305,5.045453868123996,0.35101520115064927,11.328201390482777,1.1448751379201239
5.3679476666989245,4.978505667108773,4.612646612732849,0.3522864630318453,8.596525034220202,1.1637457011948684
5.8277714617193865,4.979627517767886,5.058230536501191,0.3473727998945151,9.797312108391306,1.152136388340752
5.155031258037196,4.569537432464605,4.375937301316176,0.30145460225268517,17.829449779369085,1.1780404752341145
7.559226443480178,4.115755352536818,6.596777858540785,0.3391818431787502,12.746298603316252,1.1458967704503373
6.444423390129892,3.682386360872379,5.466635833055237,0.2740127938683321,7.088655228805426,1.1788645863626481
5.073615633768785,3.784037279159225,4.2067089525225585,0.2832148073802141,7.444722936166344,1.206077171259111
4.829018779497732,4.084168937010979,3.9994396534783196,0.2907669231875636,8.664587350184647,1.2074238388115008
4.594068449807739,4.171261982882188,3.7921835448460115,0.26540246245948435,12.064882138947317,1.2114573030231028
5.140701687935177,3.9382167692943693,4.30725241414188,0.2662978156474728,11.140793297984027,1.1934990554667417
6.771143827543082,3.918366168548274,5.829349167963899,0.31647450920303954,9.990367089641428,1.1615608591015552
8.778190166155044,3.990054926570915,7.708954176292785,0.3689430667183237,16.299824118419732,1.1387005247936823
7.222929226420927,4.212209303874096,6.299134652619158,0.33735213927172497,15.361513901291222,1.146654203274994
6.4960989865731085,4.09451901237819,5.575297721235695,0.30399843014080496,21.25779971330339,1.1651573263666588
6.122610240117753,3.935850453665246,5.229476436121904,0.30465829977177605,19.070276834805515,1.1707883790864124
6.469386931910887,3.5802539708417638,5.448142160127372,0.29717161492681066,16.288977540289675,1.1874482606671997
6.237615890057166,3.71337407297207,5.242936084253527,0.29453537555601367,16.39182549444751,1.1897180873119986
7.170971587959354,3.8484466696351047,6.1667165786394165,0.3236841183607784,7.10159334000417,1.162850845585887
7.893191008244405,3.1783241170409515,6.6895855930249875,0.298569510033271,8.909213781668942,1.179922268499618
8.791616723818802,3.34801057799759,7.547331722171999,0.3143342240809749,23.46570469732085,1.1648642258550042
8.51740938643515,3.0869038997750375,7.186019502568875,0.3065898942262898,19.525823878645674,1.1852750167725437
7.709324445760512,3.623353189327274,6.623181226220771,0.2952830896512734,14.185919166632965,1.16399116715088
7.168625571883448,3.3781832905196443,6.049962371833522,0.2977212243273521,29.681471037365416,1.1849041582899795
6.908852165871199,3.605550404175439,5.869427927426601,0.3113974178696231,27.49849419217945,1.1770912346648958
8.553847653567765,2.780402624489668,7.122753899864027,0.2750744695075973,9.696618282116926,1.2009186016845335
9.187807915018837,3.1939199420862314,7.845527771618907,0.3105883846328862,18.99942439054191,1.1710885720468176
8.891797372272316,2.674765523675767,7.363680152073208,0.27200409312573476,12.081890971597499,1.207520857593044
5.455116765176137,3.687073890962468,4.546135386407772,0.2840923628008846,11.399228347496118,1.1999459544223157
8.470755611971672,3.16364878119472,7.216697354040987,0.3017763484167319,10.485628532076875,1.1737717679443043
8.207723013940875,2.851695773969772,6.83654976528796,0.2814038742219832,31.86499176489288,1.200565094342608
7.020822154931309,3.451515180405701,5.923094852353748,0.28810199437152956,23.256757570143886,1.1853300225542294
9.87534337475048,3.2434665066912602,8.48120923614072,0.3173527856669201,13.243848805355757,1.1643791704452922
9.810792220121725,3.0993979138462864,8.395779548322423,0.31476877762335453,13.36060886498098,1.1685385691293
9.82620827387336,3.089565989866229,8.394442385972747,0.31567782602621214,13.061952686638728,1.1705611667897224
9.170446031208071,2.894654097268825,7.726937758911957,0.2890863696998309,17.025241832943337,1.1868150511023887
8.368539555406414,3.124981982020139,7.1062985034162605,0.3083871981952253,15.724914141217699,1.1776228582831623
8.115782834241717,3.1925899152245427,6.894340030204083,0.29755630621642803,18.17502178080256,1.177166022953103
8.973727877251754,3.890833529596782,7.850760714491101,0.37133586137050717,7.676099486535732,1.1430392803448788
9.005992320898057,3.989900382558541,7.908586974718559,0.35761539647132506,7.741175412492644,1.13876124138074
8.712895388299483,3.9428283216585647,7.627339211655672,0.3760210089194282,12.856887328042378,1.1423243606348235
7.745155189393892,4.544310742754233,6.842303497111908,0.36641452094786986,7.360861496726245,1.1319514243504503
6.878621039185619,4.5348460539018065,6.021978828238747,0.35813442777990834,7.446768220137929,1.1422526108743254
7.464728814337289,3.841236678071763,6.44633235940015,0.31428728448947874,13.197390118616102,1.1579807552820476
7.49050549515389,3.8403245638923496,6.439451169906983,0.3142032440432292,13.204812758055668,1.163221103400663
7.876089891737423,3.3086850603446343,6.706709745160972,0.3380398792181914,9.386414276749907,1.1743597368918766
9.956900368023833,3.205057499088518,8.535637008303139,0.2773178566143831,15.077384605083912,1.1665093487853506
7.981121325556321,3.3461469076928165,6.827479511036207,0.33872942901901015,9.900472588810516,1.1689703810396386
8.842515348561681,3.041149725574005,7.501481506761907,0.3553524292897968,9.953405739286136,1.1787691992029778
8.538761976994312,3.4818080201786787,7.38095092973804,0.3418265657599869,8.489125117027605,1.1568647533736367
7.066575835223326,3.482024208586405,6.0246052198733615,0.2753875640029699,15.13921644061623,1.1729525134547931
7.7015792222338355,4.213748726970976,6.7265249238623515,0.3432501079399036,22.09114368391277,1.1449566171846741
6.8551726457629,3.247969680921967,5.766799037839913,0.26560194158742123,8.233853627714804,1.1887309754998263
7.558989038104103,2.810273388871279,6.221037161170891,0.2989151928838752,11.357281741866345,1.2150689414434217
9.065424286653723,3.2559621929484224,7.7809665079424555,0.2975671730603197,15.038867504580905,1.165076893391091
9.07810519422168,2.8184038566468725,7.575152085812909,0.31066488613054216,14.605631179430153,1.198405667818019
8.988490208725857,3.934421478334933,7.885298627534189,0.3528720473793271,19.228517349939665,1.1399048575458515
6.959512436980503,2.911915772479889,5.7353021069359365,0.26032783838620555,8.300057989955938,1.2134517602070305
8.418313180078373,2.7655940484885826,6.972021176349576,0.28437952675780126,10.032424314054774,1.2074422849768294
9.01497991033259,3.091399689937255,7.6661289728720075,0.32093941186879354,12.274904178875019,1.1759494188310342
7.514907195199482,3.588676817421026,6.424147020606637,0.3015014683008765,12.663873279914792,1.169790661872157
5.906301050283743,4.592716193278269,5.111667819014962,0.32254434642509766,17.161305850188562,1.155454786853092
6.00183053794838,4.636500973265443,5.188976794814811,0.32196547039181383,17.200359621421804,1.1566501017976858
5.490462564196004,4.980585270467057,4.740740943760444,0.32541652829534484,12.444064904944822,1.1581443975381762
6.299098602930443,5.005596222245783,5.544141823887963,0.3366799924871753,12.809367977889869,1.136171981710426
6.511142304152246,4.5943085972270925,5.660204317446376,0.3441284601699756,16.274802274626975,1.1503369735405196
7.991643561748592,2.720396657537133,6.593281260296325,0.28696432233395835,10.291789980849106,1.2120889806222859
7.924022180725895,3.017815095750196,6.649635544821124,0.29194412360874866,10.624018082402646,1.1916475914078162
9.05961165012956,2.6858770960684044,7.514814528384855,0.26398862652340316,11.042898415258371,1.2055668993439184
9.339727124489208,2.570928149282895,7.733719969632389,0.2684969666106615,9.11096716726498,1.2076629566577335
9.542315570629476,2.413149657798634,7.781693314256951,0.25565909310998064,9.847298506926538,1.2262518176020718
7.673456994036729,3.18658076590436,6.489214846845777,0.3029961220564405,13.196020611859392,1.1824939033674589
7.621195836510046,3.614042721784519,6.569818206351013,0.32645556229163375,10.895087242452517,1.1600314646671153
9.44602423522866,3.175377261613227,8.074222294330683,0.3134128973426736,15.08449478467376,1.1698989563194448
8.830584834809848,3.0267468444221333,7.458772673170328,0.2912532689894292,12.087656557738976,1.1839192882998049
9.717042037393698,2.683424847202132,8.09146440615632,0.2841146435261819,26.148583991142644,1.2009003005686552
9.6445643414897,2.7638991136642983,8.074932342695693,0.2831620696958559,24.405875660430436,1.1943833003398279
9.732711293515019,2.839294576679059,8.193305462969487,0.28750601607511705,20.623290775404907,1.1878858096409366
5.909836291721605,4.753705430008537,5.149364159654296,0.32090530284360413,10.084464176258805,1.1476827251849213
7.611176879829442,2.8500179768184934,6.2744188549309685,0.29422138288056093,11.731419374529734,1.213048898360991
9.803518623879283,2.5786485840701,8.12019992057917,0.2939989030285358,13.425698953578324,1.2073001551395364
4.573554205248437,3.7238127319905954,3.7322517610979773,0.2777896674155541,7.48819040718152,1.2254141729985975
4.543311079986992,3.554841708832653,3.6846023231701244,0.27520462495015735,7.571347452575009,1.2330533071145815
4.535887147665361,3.539332903069255,3.6716603057187447,0.27628862794824877,7.55313327619524,1.2353776684080908
8.979786570952745,3.6910082539182456,7.812131502845985,0.3193079791321688,13.106444363865393,1.1494668987178953
8.985328447926475,3.6919777487671492,7.809234463027945,0.31932998818264957,13.10297614620646,1.150602980415895
7.991666433749029,3.4840167564027644,6.864354502446295,0.29865809718028724,8.254253554038062,1.164226939459637
9.130387587634456,2.74207280781328,7.614923902936736,0.2525973988708357,13.041426149543026,1.1990123215956594
9.259004438228775,2.602504375524582,7.648150188974475,0.2805443535953889,12.960942430919395,1.2106201119816524
6.993174453751225,3.9339264149949686,6.030008985003901,0.3348570025357305,20.587634005867308,1.1597286954534614
8.86380094806498,2.830635680116876,7.41160915196686,0.2939643661759655,10.14954518432433,1.1959347513235699
8.784534309426332,2.9750846785149045,7.398225025520464,0.29796466159370905,26.192549147318644,1.18738403862058
9.521812854842844,2.7456947170296355,7.9665962904259775,0.2799453460806668,21.339722407543253,1.1952171928538515
9.672023098988424,3.2867434178842956,8.337649344333942,0.3185921253061627,12.893485562596686,1.160041961414615
9.575661982727807,3.256205299243944,8.255613197860006,0.31680213237575267,14.187006884732321,1.1598971212956029
9.911874117033985,2.9370211852326857,8.367797015085964,0.30510223768934447,14.3510185383565,1.18452611830381
9.951882535516052,2.874587242350816,8.406782206519464,0.3254355360709536,12.636245924007618,1.1837921205807331
9.861882168960848,3.120128546243259,8.432390052386404,0.26981139130130244,14.090925077074989,1.169523955568195
9.906633089604966,2.9803222726760903,8.405251657632899,0.2826658376189101,14.778655639827546,1.1786242093785075
9.93923520515414,3.3409772527709674,8.617181806312882,0.33974207538220486,12.876507370610577,1.153420622722934
9.958746478347082,3.1566218222249094,8.538225273421387,0.3537173942286959,12.92853459381224,1.1663719519497373
9.894065925450002,3.500259226221152,8.606453747561153,0.3395764383404194,11.346636380505235,1.1496100735164847
9.463082164577155,3.1124416322591077,8.127243103298353,0.3248901077810372,7.73940866634384,1.1643655842824077
9.413811656285377,3.132548053122758,8.062986687578954,0.28822854503892703,8.732416589261437,1.1675340690798077
9.204048026030263,3.4422473301824437,7.929424807252738,0.3190492919737897,18.122370203922863,1.16074598722617
9.245431046509838,2.7345314356489436,7.6891708289618705,0.28437840284119614,12.741139898250783,1.2023963639468367
8.435701459462145,3.5565300518174707,7.269446072290338,0.33499333762724975,13.38036493695662,1.1604324972733944
8.750560929241749,3.4613891313675684,7.544702150154169,0.3418983676859066,15.53330773322532,1.1598285465865525
6.506078438605934,4.001821433246615,5.584686182940949,0.30813790808918823,10.906252587751247,1.1649855024046796
6.427866160546493,4.173400009479707,5.545998373989329,0.30484114555700637,11.003427936353104,1.159009744880762
5.3325794421418236,4.6257238901094935,4.5616257979086665,0.3028005249765938,10.802496088035104,1.1690085242385753
4.529888275983554,4.59469692710121,3.7938811314233467,0.29404612140133385,11.587719317059756,1.1939984725573307
5.457482966239134,5.303742525271473,4.757279713889662,0.3065313514716774,8.32508901398121,1.1471856385289083
4.2227163429213,5.26572687042768,3.5602367077802497,0.275265246938597,12.226005748213064,1.1860774126881288
4.280172655647581,5.336650741950317,3.607248935261144,0.2755312490031012,12.509534222529185,1.1865476246478457
8.25354569329324,3.9496567752249443,7.1914776678958825,0.3515201645365011,20.257724898076514,1.1476842555096334
4.954741887113562,4.376103847677749,4.163170300984292,0.2922665985837521,9.269077395836508,1.1901367296798115
5.001399648285377,4.6663164163704804,4.252712575830531,0.2831861086301191,12.12746732734165,1.1760493000890453
5.171932720386015,4.582194560141815,4.439242380454459,0.28912704032891867,12.229880068628592,1.1650485098893266
5.128168666179524,4.804804347243723,4.376581110199979,0.28509677888415436,12.343308673407355,1.1717293789501373
8.753840967440995,4.049432343160887,7.712321758322163,0.3616165420839803,9.248516881450392,1.1350461303037516
5.346307547806785,4.936649220681357,4.602115036590773,0.3248164976568146,10.953230871420185,1.1617066295168725
7.845761575249015,3.698142212516641,6.770698239343641,0.3088918563506494,18.946219424952652,1.1587817530632691
6.793499770584589,3.8074738668228467,5.815040964754979,0.3330762635842891,22.79460382339135,1.1682634416094502
6.642390852787026,4.2524030161449975,5.750317167359628,0.3011213107007959,8.649121933456087,1.1551346924811472
8.424915874673673,4.255736436631861,7.419676786698056,0.3567064152870091,11.29147260795728,1.135482867633507
8.889143363161422,4.296806167614925,7.8864041680385295,0.34947423962493385,10.85442618776317,1.127147832365316
6.210140835454794,4.087601941745975,5.306084791950896,0.3344136744373862,6.178059521180044,1.1703810019913954
8.605276705216742,3.8745511902747225,7.518531712147858,0.33704261015838766,15.587294087836009,1.1445421838565908
7.810508825367508,2.6306412731173388,6.3886283673066595,0.2679382607138592,17.267366114922105,1.2225642776996104
7.799937629125939,2.6304845143875424,6.394003612234768,0.2679349720436347,17.268951346036893,1.2198832065407268
6.960243890968891,3.236059648433095,5.836883310315237,0.2676875071151879,14.639819760431365,1.1924589752665424
4.83263193608643,6.236612550886127,4.200554631085097,0.3748755858568681,15.750866351148739,1.1504747254859657
5.946225798160821,6.241401700625382,5.302364930332871,0.3654562943050354,20.02482473293562,1.121428999378119
5.735025884603529,6.249574562109986,5.08341951016946,0.4148852467624825,12.314818207819437,1.1281826874863508
7.530131772591718,5.45709933503705,6.751769142474154,0.41482744213948763,11.863010728025943,1.1152827671818673
4.901530913297644,6.167606802203548,4.27104207371682,0.37091979768155536,8.2121009622693,1.1476194401035598
5.887486944371463,6.311819254566587,5.254266287178705,0.3660641857844395,7.59745862457296,1.1205155244487557
5.571490698030522,6.123860117116147,4.9171091991669424,0.3600630840492531,9.519263565591835,1.1330825638312945
6.1944196324847836,4.037559570232439,5.291809521618677,0.308358558030421,13.442545949385073,1.170567384781834
5.711630737068657,4.172715331969499,4.86988226243234,0.304188945840697,22.344528116827828,1.1728478080732678
5.721954293715526,4.945865319788155,4.952317594518112,0.33326437809861376,9.614998192976904,1.1554093986317338
5.172578807894967,5.000371139211558,4.426591003364575,0.32311925600340624,14.252378896193235,1.1685242219042553
5.283946823383059,5.027656592042354,4.559613750662094,0.32305276210434763,14.10915551192414,1.1588584280007896
5.20552073776162,4.933266650709253,4.461015735638914,0.3227873335127204,14.563999012106741,1.166891364263721
5.567214044988094,4.84059886659472,4.8110294037186225,0.311754600132699,11.91966749113223,1.1571773061052149
4.224457752919761,5.871673746492297,3.605236445192829,0.3114414526738317,7.355043639326849,1.1717560878850521
4.755862364014549,6.070959651622728,4.140874798910881,0.3136516955893516,6.837479699194293,1.1485163389304647
4.5425628544587,6.203660551517203,3.943547385714585,0.3182391981462155,7.709459089192266,1.1518976216474628
4.43739734197109,6.394115121742899,3.81167105704908,0.34224702359522735,7.843066634442178,1.164160620252062
4.68977072666786,4.9461162748173,3.9861631993455826,0.29839278199074304,14.732375067227796,1.1765124738088473
6.109558254933344,4.736757539333823,5.329595343110977,0.3280288972294714,9.316611206889796,1.146345615681788
8.281151410869404,2.9886018900623395,6.925986338031329,0.3114935445049075,10.207414505205099,1.1956638385780114
7.953970107585655,2.7882318677805684,6.574587909159054,0.2918795365632197,9.997132683571037,1.2098051189649446
9.927117038505534,2.6331134550209634,8.257978550955665,0.2567156530120045,10.564680708621067,1.2021243428098642
9.648104962635,4.094623396040155,8.563548025985694,0.3636809393810843,16.22141832114168,1.126648082472156
9.672334619537272,4.1026821726132425,8.541886576514718,0.3628944591787544,16.27254955145908,1.1323417295343907
9.012559435368498,3.7196887037580257,7.832450641502304,0.29418626503837847,6.033569277554403,1.150669164464705
9.144469524166716,3.308147642847545,7.822100343958633,0.34884318386931706,8.818846964517505,1.1690555122102735
9.078412701288105,3.7598243402418134,7.948390839327991,0.3367144129473313,9.654067703893451,1.1421698913406293
9.41701674857927,3.4448389831448294,8.142524786834546,0.3386103622835896,10.023579583885972,1.1565229452915415
9.267826516864712,2.5577365569446875,7.619991100264426,0.25826877078009525,19.356696038263436,1.2162516195777582
7.8585684843907115,3.280611952383895,6.648607541598744,0.3119998210542439,22.638557256550897,1.1819871206446662
8.099453466658634,3.5990546755675865,6.978333637275424,0.3226760104318562,24.121985732684088,1.1606572410632021
6.678716047337955,3.5991127252296518,5.6630611381374125,0.31995559346571656,23.573492559844738,1.179347332551418
5.029523038903002,4.73242334422955,4.281649684458576,0.28266129760364583,17.87690212293764,1.1746694404166313
4.991797303955762,4.790021448453484,4.253445245620862,0.2983001333006337,14.992382496240618,1.1735891767021267
4.906686764163467,5.2271859799146005,4.212097511434805,0.3145323885066731,14.645287880353909,1.1649034123362587
5.059053540472613,5.273217172625573,4.364229576804493,0.31775733817775015,15.205748652797979,1.1592088480773446
4.771149404337075,5.255541200851045,4.0765341955456496,0.3207958842762397,14.50006554216062,1.1703935685245614
5.426170601385624,4.822431257815,4.679272038302269,0.3381160880720073,16.319643058515673,1.1596185383045916
8.858777192264904,3.0927456004702853,7.5262775910895305,0.31348176289867374,10.953378570983027,1.177046300119589
7.431765476362257,3.59777218036157,6.35839668985049,0.2959824135368611,15.213216713788592,1.168811233219393
6.816491988105936,3.8714237352347562,5.856392516613388,0.2799352622273226,15.078703687649151,1.1639404238648523
5.181451633195974,4.5400057374347185,4.404069444409446,0.30027471087307495,10.6101229829076,1.1765145165395476
8.718283687378303,3.3919685180097594,7.481327821069956,0.3615083674289624,11.229161144539185,1.1653390809616255
7.764873801886839,3.1262543350265624,6.539047035218704,0.29722111937032936,8.069254862966957,1.1874626012117586
7.014235896867029,3.5370263412592613,5.956015605507072,0.3026372777654009,14.206858618486178,1.1776725182488612
7.739009700341492,3.773054809997592,6.692288572830054,0.30502465335612594,14.894089950703036,1.1564070521048673
6.59734362304791,3.7857041695842883,5.625832477502239,0.3171235924733009,22.629884873039263,1.1726875354768835
6.230224911387444,3.9050072966482734,5.295679571471282,0.30120161161159287,24.389416177449114,1.1764731659654628
9.487973235652152,2.9563690163290186,8.028865517031349,0.30005942703582034,10.633267967586287,1.1817327386447873
7.442138146712899,3.2458692156264903,6.2697781775992425,0.29831883544158827,21.222069948835955,1.1869858766777877
7.727641600998677,3.4290510202811233,6.60173815591612,0.2982500576638204,14.562289436879773,1.1705465164615145
6.235902414335452,4.128818822611258,5.3545797520737155,0.32701517933722984,15.8564394387992,1.16459231220161
4.752463663349449,4.742990381901905,4.017332316537481,0.2844809632756042,15.638025678984938,1.1829899268690756
4.722551267422199,4.531963576295336,3.940609261166426,0.28027479222253243,17.08047821799825,1.1984317536786981
4.581502965236911,4.725190684583346,3.8544436980695953,0.2808541001498324,18.082639962420057,1.188628846111164
4.559062951852696,4.74598265930273,3.832532045010043,0.2806395703666693,18.43242163384589,1.1895694278117248
5.489683465729837,5.262236554168824,4.761842193731168,0.35063562005240345,17.887207861487685,1.152848675446837
7.249868401259735,3.1503291037560532,6.083214558729145,0.28124450845532917,12.29477311797254,1.1917824583149863
8.162216429037384,3.2441763995881874,6.946563100815682,0.30719522372907876,8.066165214102591,1.1750006889131916
7.500163341634114,3.352168590941026,6.389613906195523,0.3145296203244783,11.103231798927588,1.1738054054192189
6.02500165311066,3.5926677445899196,5.0314982148358585,0.27735144640828824,13.307756617553746,1.1974567804367615
6.791045121752791,3.0328509506512487,5.617481970349593,0.2687604779550803,9.661810045275306,1.208912668985418
9.925296741348449,3.4300298077979665,8.617408634809163,0.30814954324785593,13.17257949976063,1.1517727848318813
9.897419667490453,3.316500672856067,8.534299358998943,0.3023036730011616,13.3375394426107,1.159722579575812
9.884373552092242,3.3018357880963816,8.546462225110025,0.3001215615382084,12.644906720874028,1.156545631600799
8.971102968819276,3.6814943475560837,7.834312076340449,0.3203146505104925,18.0500719308212,1.1451041114269527
8.41019588726524,3.1395640422567284,7.100844395738837,0.32503124705350067,19.097409405300667,1.1843937732690124
8.521997147315199,3.300851489796775,7.260327780185877,0.319539787567069,18.700467734835716,1.1737758136171947
8.549431068080969,3.1840440187893964,7.273802719375539,0.30499511344170693,20.24236531904497,1.1753729648602491
7.200769170996589,3.315924897892481,6.100028670831075,0.2942702348578302,12.681823951766368,1.180448414190084
8.8570854094484,3.0337807267852552,7.472967183837634,0.295614872919045,29.38674366480995,1.1852166872356011
9.04977225080613,2.9568077419870944,7.6225138915691115,0.28725186339634756,21.57836471774603,1.187242474010528
9.7055329526376,3.137348265254573,8.282960046694708,0.3165583572446909,26.16972792472281,1.1717469235542874
7.629926345826895,2.9084563766867344,6.3440980165689025,0.27278590182847834,11.530068372991758,1.20268103139324
8.178129009288915,3.3134777206116808,6.970333794563769,0.2975893231486897,12.867943594790638,1.1732765245284404
7.157720865373505,3.710372172934074,6.122894781348374,0.3024466072722128,20.07993511823206,1.1690092874333606
7.087702560389119,3.5653070607300164,6.02314705974037,0.3062591427388341,20.425306413294276,1.1767440658662314
7.101705341635034,3.95059683823782,6.1182099885152414,0.3007645611294154,19.99866971478927,1.1607488718049812
5.646502010798929,3.714327218605356,4.740703759763336,0.29935283327117795,11.617755520748906,1.191068309039587
5.9417673869200875,3.841331636586289,5.007577705146207,0.30625248393294363,13.022021009763838,1.1865552042884586
9.370069722733408,3.1958301635360207,8.024318129282957,0.29974299578097635,19.259131406768518,1.167709152574526
9.757581197914273,2.5741494832005203,8.09613442331049,0.26671153782685314,18.056882370592795,1.2052148207692952
9.23202703375191,3.3110657614554806,7.891318689226245,0.32658933174465493,20.943784658707937,1.1698966164370082
9.221688508406384,3.307018934991727,7.901594815390571,0.32660246053087827,20.859693227159948,1.1670667408109259
9.250811149582853,3.4076936236820985,7.995192145575732,0.3101361802301809,20.21655682484089,1.15704675774452
7.981822974828084,3.2663877657240135,6.775127660007262,0.3193166267784994,18.520907517915415,1.1781066535386182
3.9074151937099972,6.216593524481128,3.2893910177661945,0.31143288736091423,10.879185392759464,1.1878840711261804
7.771459949955097,3.660925895345918,6.684009195426704,0.31532004910817096,17.58897756810802,1.16269438337584
7.2897116752339945,3.720372007281963,6.263510195198424,0.31787047622369463,17.109757654082973,1.1638380792965344
8.504956364574051,3.179699984117168,7.22883334960457,0.3014693670419424,21.365454439484697,1.1765323605142022
8.534509816417014,3.2801662499667192,7.263021658166604,0.3085432357390395,16.769864235366818,1.1750632475149978
8.523790499955327,3.280054012735846,7.266661567474448,0.3085987241069647,16.776870681189465,1.172999515775963
8.492690222973865,3.106744221115746,7.187306343270514,0.31510636065721265,16.201230814433266,1.1816235203228236
9.00172593101972,3.498184469213024,7.775582809830507,0.31706913666653863,22.109867277119523,1.157691474861412
8.457431984673438,3.088220636602347,7.146765748215605,0.2754766443977987,13.108638601001946,1.1833929196273263
9.168415390221265,3.3811630650688826,7.885214658812529,0.30103607805662447,15.628839438467633,1.1627350410777502
9.167839237995729,3.369934236291759,7.871646589419223,0.30038546581768744,15.75482722131822,1.1646660115964556
9.495264752711261,3.051500360267099,8.048309205827142,0.32817170927659367,20.05672372144277,1.1797837918349974
9.503876571552446,3.055771615317227,8.040966986172199,0.3280561412802178,20.107454762194116,1.1819320472147152
9.490556578852653,3.0499547557710516,8.054544850827925,0.3279548158211372,20.18953503824068,1.1782858938177145
7.920073067949469,3.1108089753341153,6.657196805217704,0.3165092996252298,6.916486430479285,1.1897009056036862
9.434622740601093,2.7300067724892276,7.874192797476941,0.2881033588556916,19.718789161638465,1.1981701468656123
8.415045802477485,3.3441219724776694,7.20655143207074,0.29941687096645064,16.505939207004822,1.1676938521563418
8.476880996993787,3.13873379213843,7.19638289224953,0.2856144660269433,16.383933812927133,1.177936349957608
9.05188897680961,2.9698487136588767,7.639580865945189,0.2872765308518685,10.733624030034118,1.1848672244782483
8.861498796633818,2.7368156897947578,7.343149986277133,0.28761530600134827,27.08685347543386,1.2067707745578087
8.794177381345856,2.876981926638659,7.360872859740407,0.2840388602649066,26.621336076777812,1.1947193694167402
9.204095532531841,3.4593837402200407,7.947848444834372,0.32506634505176846,27.222463301426746,1.1580612786488091
9.013488701305718,3.3228020856075853,7.72837269090546,0.3303324071837476,25.096686335753937,1.1662854603159276
9.087242155860421,3.298961636422625,7.780714332317669,0.3312036893108235,25.544286453947276,1.1679187498397172
9.253116486034157,2.4852272191198006,7.591100786177666,0.2703272506621464,8.35957828799631,1.218942647011457
9.139501978435126,2.6291143647355395,7.575387774483646,0.27550068581982917,8.01403008456079,1.2064731536542488
9.339095535983164,3.1597095009818004,7.941992130474481,0.3046422978009476,21.053137823588074,1.1759134714006845
9.87542366793877,3.2590903425333053,8.477272419516018,0.3169155179560131,19.08749382616092,1.1649293757746877
9.823750672195924,2.9232002569988085,8.33795532499258,0.30217469814396014,15.127445173147917,1.1781966068767185
9.696768461220902,2.439826536578498,7.958306973516367,0.27022869723513326,14.059451575440832,1.2184461460822988
9.31393213469461,2.986554317166731,7.913808333960496,0.2864649519428827,16.76923591459948,1.176921621253546
9.21489550999832,2.9896466522636733,7.793955143575287,0.28565795308350334,17.021100136205874,1.1823131311699095
9.059749635102609,2.8653455119851876,7.612274420203182,0.2883219660167251,16.876362853151125,1.1901501620931831
8.081936296149843,3.0081196707253817,6.780832506339008,0.2913812484970237,7.407944026546868,1.1918796532128626
7.8581844701218655,3.162492943220974,6.601692067103678,0.29016103651888625,7.903284661574208,1.1903288414919118
7.8488694072140675,3.160018879514506,6.603127099769888,0.2900843642217081,7.904352301510537,1.1886594470501093
7.25051901996964,2.5491194841263285,5.855354134420532,0.2742801644173154,10.921133350484364,1.2382716490788612
9.742017786589395,3.009789975703211,8.2710619492094,0.3274926086266996,18.58782116035778,1.177843648906607
9.657077718722006,3.0026234764207915,8.20955522324498,0.3155327309126008,8.470108937552002,1.1763216710423523
6.643921418888968,3.7597555399499054,5.653091605092434,0.2977659933070534,30.71015652595471,1.1752722020113688
6.4575294058217,3.462460296361723,5.404020766984909,0.286243952057951,41.61537095502976,1.1949490359609738
6.113051693803689,3.4781926393737272,5.107783459778706,0.2865484231210761,46.00374036966346,1.1968110515923351
7.093318263227573,3.449702384627262,6.008046358396196,0.29685291175746353,41.9345182010571,1.1806364065940869
9.956165119416038,2.790810900608137,8.389695732878243,0.2975453660581351,6.436513821244469,1.1867134919326077
7.641000801725609,3.0392615981600546,6.346191041093396,0.28503709781243536,11.887428223622896,1.2040294331273593
7.976619609396871,3.067895978247483,6.689391027128718,0.29281664517734746,11.928464314791634,1.1924283656087407
7.992404943555617,3.0820479448746148,6.744844378338077,0.29173740085009986,11.921697219733739,1.1849650629782118
7.892448498423276,3.6950168113712683,6.835919752420049,0.30206388250628236,11.034991252745913,1.1545554635320574
6.986853284213808,3.5428051807425542,5.974169704383466,0.31334444625721924,15.970034626023828,1.1695103470340489
5.846518258636236,3.76903215403802,4.948165173885786,0.29360065478902503,14.199227320373694,1.181552768183964
6.856726911691772,4.103578124964278,5.908638424667529,0.3019478825320329,14.6677457551556,1.160458030917265
7.492752661028243,3.8208265396797993,6.475085063629637,0.31392594518063366,12.945697613042345,1.1571666761746213
9.09547157911309,3.067320148297735,7.726016770233745,0.3195024808090453,8.592100149336229,1.1772523733258624
8.895474497665147,3.3720281657644686,7.677721776671341,0.31164822813099563,9.173423894863625,1.1586086024494835
9.924795605768162,2.674418099768769,8.268633290269529,0.3045337032771335,11.1217348993567,1.2002945659045727
9.942404877869421,3.4762497138834734,8.62819647999896,0.310108201941082,17.095039609275368,1.1523155390488533
9.9381772321205,2.790318438254919,8.347026279691745,0.30386031028326677,16.90332708150831,1.1906248883269979
9.957616330704804,2.7898904932564768,8.371240324350927,0.2675298667758126,14.163239521291688,1.189503101677693
7.659652722321791,4.541258630508294,6.771842266448877,0.36180533565957257,9.534373500173672,1.1311032391099207
6.980905442697462,5.186111441616235,6.198412168243309,0.34787916753886317,10.43303010406804,1.1262409231937085
6.084350549353774,4.598374982370079,5.278099184963838,0.3646691062744095,8.057927347110741,1.1527541139595805
8.229444576156606,2.7484484235612054,6.823982987437566,0.28686815850962916,13.245537905725346,1.205959128460078
9.359579827567384,3.198944767593507,8.016097407385448,0.3197829343951337,16.00553074822776,1.1675980657301082
5.292481775640604,4.675645310318592,4.511003210563329,0.3271318922410808,12.254479904551351,1.1732383083317923
6.422103295606529,4.422717682920452,5.594049105381631,0.31873028893722716,10.845617910101588,1.1480241189567477
6.861495354592002,4.4957809701573215,5.98872598120657,0.32556712773128643,8.175112524480081,1.1457353995030495
9.145833550132046,3.4987273121773397,7.914158391004066,0.3360546021539384,8.062429637997791,1.1556293288908661
9.78721911906213,3.527646668204928,8.5227464723681,0.329143244557184,9.325629538592125,1.148364456316238
9.829934967254793,3.273182771026944,8.466690330427909,0.33740257317433664,9.188253057940072,1.1610126960623095
6.711147784418366,3.0935036051415197,5.542761523908025,0.26960317932089506,19.828358462099143,1.2107949720496993
6.476211293469867,3.3215920832614474,5.4057601079725925,0.27850945609596633,33.17455019433912,1.1980204752183765
7.751212229463172,2.7637102220834064,6.378032097152178,0.2769897266358631,16.501791458303664,1.2152984041776969
8.381119325155687,3.0275774845461036,7.059953139588704,0.28014159214489487,13.50619171609565,1.1871352627198812
4.4169786372430515,6.171752285410743,3.798053760039605,0.33561179471624986,15.77516382663285,1.16295842984513
4.568994761690297,6.218531098863977,3.921455587616363,0.33575635593405573,15.908519022617014,1.165127249207873
4.552183218403505,6.215999290326303,3.9222059097056325,0.3358316192616174,15.905917614339945,1.1606181121544314
4.552183218403505,6.215999290326303,3.9222059097056325,0.3358316192616174,15.905917614339945,1.1606181121544314
4.554366715186012,6.216874190280573,3.921309788078104,0.3357050946989894,15.895937612831872,1.1614401721161078
4.551761591721954,6.218868767243945,3.921356144283538,0.33570407229388993,15.913572198327403,1.1607620997030343
4.612012567922723,6.212165598005197,3.998864203515756,0.3352305038051103,15.808888665506753,1.1533306291991345
5.453279844886609,6.10463038435857,4.796604562003928,0.3276633727850615,15.195047840178528,1.1369041942887064
3.867149569540571,5.873850102236284,3.225477468205674,0.31807487174931365,13.278798703852324,1.1989386401424338
5.467521717324219,5.9789100124228325,4.790708321226623,0.32762236119390226,17.267108132727444,1.1412762687093219
5.350090454968181,6.034724206219193,4.695207161917031,0.33576685436069004,15.029273814819465,1.139479105067595
3.9326906454832606,6.006111523616664,3.3119080172416338,0.3071280824906841,13.30310223788554,1.187439574109505
5.047724707845132,6.367552458124019,4.417999775739282,0.331694118964407,12.13689102670574,1.1425362073497336
4.9459197337437715,6.376632865916,4.328648943180925,0.33602774215314113,11.841960307425442,1.142601259345657
4.9625809706503965,6.350346288291021,4.33214040898405,0.3361344869224239,11.86936657840523,1.1455263454432203
4.04798984513015,5.989211071480963,3.4291863386424897,0.31896806688177093,13.393524628780932,1.180451992215922
4.672505745497406,5.852554451112703,4.015870340245068,0.32349774110980567,13.351306143486338,1.1635101110391595
4.473990807669682,6.520723679179318,3.8642972397083546,0.3279971183460524,12.853907652665162,1.1577760534816783
6.444890261600436,3.8494649441003155,5.494137128875307,0.3148669188555769,13.071716531581734,1.1730486717792856
5.538329734258936,3.588340310231394,4.609780755196228,0.2877893343255868,9.668546393637035,1.201430182556086
6.6688736255477306,4.053927289365805,5.754681375596228,0.2864445515847076,10.381608394811764,1.158860619777891
5.649909523523806,4.053932716077134,4.787162570818554,0.2849454542791113,9.836612219631608,1.180220942978699
8.971094453400896,3.348320424407503,7.694763389995661,0.3285968118555436,16.59537463732663,1.165870085760487
9.415817798206412,3.3567737222746308,8.10540796047677,0.3170855082959709,20.191265439911273,1.161671052724231
8.496385290482083,2.781830062380918,7.066994674066518,0.2616119683750179,11.578651063401455,1.2022628687780033
9.306582920802935,2.8643716967093806,7.801333181228672,0.2976762649248234,11.4300499804542,1.1929477570828726
9.180250441501924,3.0908855067011256,7.774272478048991,0.31510385735958046,12.078862628198674,1.1808501010766956
9.098686786436561,3.130926932761565,7.718446070758179,0.33304720091282164,11.31887622112301,1.1788236521995679
9.222685194505988,4.528491021342165,8.274806999831263,0.3766416022360254,9.213348115479054,1.1145498855373974
8.90603872901173,4.579295257142933,7.994048139578633,0.397123425469534,7.923645974694943,1.1140836999614525
9.222377741518336,4.118792210357086,8.132491358599822,0.3972928818324948,8.808807967511775,1.1340162976952934
5.915240229018743,4.4558096640584,5.0772683978193545,0.357242195681195,6.620711186216966,1.1650438317500196
7.737902682619236,4.230052322548693,6.772372488203679,0.32006346392398916,10.679406385710086,1.1425689735904732
8.523110342788192,4.032470562083011,7.469434668479109,0.3314721798832594,11.827024668847672,1.141064982970609
8.061835927823314,3.972911440883316,7.047596494107629,0.3245432104407462,12.419943155507621,1.1439128126253642
7.9285047752238,3.0925001977408795,6.658222987632685,0.2676321497899024,11.045397953954422,1.1907839058485423
7.778657405911365,4.32519117933469,6.8540605233853835,0.33977131403291677,9.90040418724293,1.1348976828219342
6.098451424221333,4.16395633996881,5.231655039999892,0.33537499931979015,12.809901283760952,1.1656830157176148
6.532815004748922,4.216859115131814,5.652332004637497,0.3301798561333403,12.561744000273322,1.155773404568066
6.950326537536314,4.2006912421343126,6.004674301484801,0.33249166335345026,20.220995828231718,1.1574860164884675
5.846163792243802,3.6303031833198744,4.875619095269876,0.27949304561196253,17.59398803407064,1.1990608121777824
5.816373800646728,3.480495969211268,4.843218124562239,0.28838445453718536,16.96153010711015,1.2009316225402193
5.24903866903811,5.527097044715061,4.563675289920902,0.3673154996695329,12.900970759520026,1.1501779455323795
5.21710242819022,5.478003557140678,4.524809854512607,0.31686011823288857,16.37572186223209,1.1529992631595751
5.137145302250058,5.397636263195889,4.425311414315079,0.31425400018712607,16.89779519833,1.1608550949956484
4.2515252484946044,5.277171205498327,3.580877314862107,0.2746494069129107,13.302161376633292,1.1872859287440634
3.9796916351713376,5.3297562114212225,3.330585378998786,0.2800075145701184,12.832606679726997,1.1948925435947482
4.530027076047537,5.18388395514513,3.8404588874553167,0.2872668623415059,13.060540094061558,1.179553592109699
8.328939322324212,4.0477864478850245,7.296966680730242,0.3518612633288746,15.75794015681516,1.141424880604045
8.990310918308374,4.194541154431868,7.952071494327826,0.3428119145470771,11.660305925450286,1.1305621339950376
8.404992736110124,3.780242132380162,7.326115573682696,0.35515074969777377,8.32168796360807,1.1472645567185746
8.931724582641406,3.656192348195596,7.775420571433261,0.35141991490026836,6.977620567650753,1.1487127288595016
4.540743404463637,4.9958987089998015,3.8356836476771097,0.330121142923016,7.036852877494829,1.1838159299747024
5.774882137034704,5.486151470978478,5.07888385589996,0.2932848680777054,8.209109057717413,1.1370376446640393
5.374931208904335,5.405055307784012,4.680380648122196,0.2972440231245041,9.115589321597296,1.1483961696706864
5.875305327997025,4.7788395019000856,5.092926390071193,0.3176581463305603,21.53791803637826,1.153620704090894
8.840071159094046,3.1041387346317695,7.511587532084409,0.3028533596328661,10.149988670670867,1.1768579040496108
8.109613242873397,3.3437824283082564,6.943942431136298,0.29954190734567476,12.47298958233737,1.167868732106748
8.36745847964594,2.960542427982028,7.0504610224181015,0.2973629212743149,10.346861420959769,1.186795934767986
8.437943948401688,3.028556159448216,7.096633642214937,0.30012270289765774,10.931660761166539,1.1890065591392307
8.079817490623665,3.6954851912895355,7.040795507216585,0.31496055570807807,6.779627237909914,1.1475716745845148
9.003258266052873,3.420223729778949,7.786402605965944,0.35361383057742996,12.18324583039842,1.156279571153253
8.990395769067836,3.878901141278041,7.879132473236525,0.3534453332713065,14.822046896305135,1.1410387881668445
9.273695989311008,3.165555447237515,7.940723706885398,0.2997165314735942,8.073461323731703,1.167865339688093
9.470469731272805,2.6863802204977887,7.866086946711401,0.3157851889089371,10.734260300877395,1.203961994754222
9.269196164563828,2.84633406537159,7.78969462640473,0.2939860110984576,11.559064773446224,1.1899306210469447
7.910246916008302,3.2388413122519144,6.697319004631515,0.2900211399666238,15.657743353767858,1.1811064861234757
8.651469387096043,3.1494806184152697,7.356180893398306,0.2995613785765916,16.73810737366611,1.176081653301943
7.584679910049618,3.3443509893273307,6.420186054414998,0.30146258827598565,15.188762782573304,1.1813800792944043
7.183032891632786,3.6023785559400796,6.129972290896807,0.30799800132154276,15.18349705970343,1.1717888027487182
6.724631836780574,3.460663309406072,5.694454054517325,0.3017211224405457,10.50062685732602,1.1809089637743277
6.145994716167624,3.810694695274441,5.216563422512611,0.2859384017357802,12.839356228148594,1.178169269378372
7.454677997311797,3.8837735715199724,6.435245963039365,0.3333095686171855,12.40385318292227,1.1584138415419563
8.49542731956397,3.764977508396149,7.3999865001027745,0.32936944970561993,17.077721408475917,1.1480328132282378
9.222606575204827,2.588326863799855,7.633685393104751,0.2744647166466766,15.984173352058104,1.2081460133967918
9.197535661176715,2.640863980421064,7.638978580021509,0.27210671840450557,13.308868545292945,1.2040268950657036
9.179447473703446,2.6356397182478584,7.648053432156309,0.2719280893675921,13.319697831282285,1.200233177648626
9.203235754895456,2.63987972919346,7.631683902068341,0.27195409031919854,13.250336644207039,1.205924652146716
9.061765866788079,2.971314474768806,7.6467381413363,0.28711346713936203,15.613953971122921,1.1850498473071156
5.492623423632235,4.57507938394519,4.708411479757031,0.3094025164110401,14.758465301163277,1.166555524564236
5.084650807071284,4.4494907180045065,4.302799246665851,0.30688483734183475,20.032232793790985,1.1817076548507983
5.636811340195264,4.512746260708496,4.829602236318835,0.29643708992870477,17.84247373422543,1.1671378023237977
8.86695721243778,3.0751645236449994,7.507977212354072,0.3196662525113981,10.205059570821408,1.181004811502033
9.400584042510076,2.5634471830565286,7.769890763265758,0.3107054707245606,10.068055203493333,1.2098733854733013
9.420584453994643,2.557327313242414,7.757906840753834,0.31121501373523647,9.995762796198083,1.214320389168175
9.59125239521271,2.907942759324752,8.095061418520979,0.31491711280718343,9.807117872049481,1.1848276250589702
9.134774981548796,2.77552083291219,7.5885195595848955,0.31160013877284654,11.411700401728833,1.2037624611523678
9.17136001015499,2.8942990759352574,7.760287976726192,0.3136775648313938,9.893531471920333,1.1818324316907736
9.869459304418337,3.28753354847029,8.498499782716504,0.2955195216426233,7.556578656628354,1.1613178274699694
9.742389068058273,3.3177001107270296,8.381732761552769,0.3018250465898475,19.68172755880637,1.1623359208905908
9.73229064338866,3.2741143093733283,8.355919639819096,0.3023638659424409,19.337268291358036,1.1647180756754338
9.640625001570509,3.320270145789263,8.322123778058337,0.31562296885947977,20.280964349653257,1.1584332627914598
9.975172949471604,2.836348872390565,8.374007907590759,0.3081926663025144,7.878834540414875,1.1912065356935528
9.616342052631856,2.75047801040433,8.120689055324046,0.2676859721599425,7.354031620990229,1.1841780897062222
9.594957365041447,2.7331436036872416,8.087948241723103,0.269247017127526,7.498266006164737,1.1863277407667092
9.509968230907484,2.6904825123003397,7.975740099631793,0.28043199386546414,8.040239683780026,1.192361851327944
9.404792593743808,2.692301119531107,7.798840281235387,0.28333970723374957,7.3845352409776845,1.2059219389801412
9.918807005968592,2.702745302509509,8.26197761942011,0.29350095009585986,11.219215710804988,1.200536658760009
9.662919546743211,3.0794791902178082,8.228148864857125,0.3164993181002718,18.114732342252374,1.1743734472299194
4.309913107277625,5.022704712252302,3.6299234126738145,0.27556788912422886,9.50237703247069,1.1873289370871127
3.997993074662428,4.713347979028079,3.2988802795902417,0.2814693498180299,9.055198498206835,1.2119242700007968
4.050400396730744,4.699189673229722,3.337872371116926,0.28228629483836115,9.07702469883877,1.2134677262616216
4.73989257256206,5.14051736839017,4.032777249696481,0.2923754754301824,11.143157286460745,1.1753420233956138
4.793569880127929,6.4107499518471025,4.20650889980658,0.40144437852477044,7.078631314975903,1.139560142223482
5.267889595664682,6.735520839053534,4.653394276889245,0.3790045875297999,9.093109477040516,1.132053138464386
5.12351595411748,6.3526919450350166,4.48867530429139,0.40310816811790445,10.219740604637337,1.1414316266581261
3.496138864941167,6.670008475975538,2.906954709973749,0.2878559098564477,12.009425992616247,1.2026808855830913
3.815868296016455,6.401339948698402,3.2190897232688123,0.2803896270663417,11.268188135288014,1.1853873684954783
3.793977570087125,6.378115635140991,3.1962495935349593,0.28023141381323247,11.465954790852933,1.187009167795027
4.062713833699921,6.306197365699817,3.4500191956720867,0.28431252476111196,11.49760123766247,1.177591660590305
3.536625425848077,6.357933565606327,2.931340980411216,0.27645321769337466,10.397360862618218,1.2064872184715782
4.110238674344789,5.707034895523935,3.4653033822952306,0.29221791725423,13.232000193672523,1.1861122161322533
4.772809847200049,5.347637762717327,4.088284100266028,0.28615025773900826,14.729046698318133,1.1674359536044665
4.193086935351601,5.23029627526684,3.519514602268134,0.288326188924861,14.852932242945784,1.1913821674867853
4.741482711005081,5.317016315405517,4.065953630069074,0.2958518111633766,14.887776274933923,1.16614283939203
4.91422171486131,5.409794232173185,4.2356875493954185,0.32748769775036624,14.906081462765902,1.1601945746830977
5.024201286052254,5.3137441822484766,4.320005768140586,0.3297818067464619,14.672806992416712,1.1630080040876352
5.154159715801797,5.411491821117668,4.444820341819876,0.3263907178089372,14.204354078937707,1.1595878616978006
8.938427082290996,3.7368853978847003,7.777753812479341,0.34206549715705026,10.734628226813538,1.1492298802193204
8.004915780905737,2.910392732687585,6.663239702757133,0.27506790741625975,18.16603033267522,1.201354917127391
8.288674017243492,2.9988287290274083,6.9632554918127685,0.2793742675084047,18.56033720416709,1.1903446637839326
9.211557556717525,2.9137479117821266,7.743181757638562,0.3144916687218055,11.120556329869123,1.1896346805536917
9.42082141972161,2.847547863343304,7.903238589876325,0.285627323785658,14.498705963335492,1.1920203740007593
8.13768726080521,3.3527784560211633,6.92991275389277,0.30399248204129903,22.008146900203325,1.1742842298027476
6.537714287200793,3.344455639419273,5.48596466803314,0.3046724809872726,15.64732703363105,1.1917164405553367
7.957117531567513,3.323511222697778,6.7843490956244565,0.29593845956208187,12.433296562714437,1.1728638104279494
8.315369746930648,3.290593392958292,7.094433343096349,0.2986983068814896,13.386765485915094,1.1720978046854724
8.386676039231238,2.993109503694495,7.062828243032644,0.29655751282771525,13.423260321420141,1.1874387639972055
8.399007117250846,2.96006140488326,7.024141070748971,0.29658295680047764,13.4408486856692,1.1957344012106061
8.64810040512987,3.898439347492855,7.594219928637343,0.33494187327949587,4.332007278036292,1.1387740263510684
8.541104666193378,3.308395450574867,7.328125895841797,0.3591196251803034,4.200432457731118,1.165523735207642
7.68642644212915,3.204258555178115,6.480620926345757,0.30693762188555285,13.356077498853907,1.186063269166295
5.136566594381045,4.323599552728939,4.3450480598103285,0.29150650944360246,7.306188736784358,1.182165657013531
4.220143230674692,4.474631626647434,3.487588959996615,0.28489849647684484,9.533267557521775,1.210046045873132
7.046761668208451,4.249078290066286,6.130961868266728,0.3488882577238538,12.63290789117986,1.1493729401061545
6.376858033947199,3.9631422155813816,5.450776821440374,0.30603193350553204,10.946450396553484,1.169898941535109
8.426051921269273,3.206219067341884,7.164062417979819,0.2920034246817729,12.35185061583022,1.1761555706329707
8.6140229967703,2.718763658413865,7.155299648239145,0.28004700715971087,13.34425102711318,1.2038661440111922
8.374813756254817,3.216376716994073,7.103350706747802,0.2925486360652569,16.544773258318422,1.1789948296230386
7.926168104840041,2.9833427049032952,6.645402796581875,0.29535261545835595,15.300688954480078,1.1927295225681338
7.707918734357114,2.8756934547186743,6.424055385213083,0.29496881730347735,15.08936135603655,1.19985247202246
7.785372331715881,2.9256500044645124,6.465799027773349,0.29436289391359816,15.215093309363965,1.2040851097094738
9.22469423442218,3.460076080635941,7.9890219942112655,0.30346326971658816,14.17926076789353,1.1546712777992434
6.495044070320914,3.716604825610536,5.516912338488396,0.3037859283528363,10.720364787424149,1.1772969501452184
7.405229608820918,3.592180391512402,6.3519207443405925,0.30246820168898797,11.176814835491292,1.1658252530022195
7.233202125275252,3.5682994180091354,6.17654808969662,0.3019823398088062,19.62226818864188,1.171075173419484
9.66967340621772,2.595670675234734,8.002541089366494,0.29899965115348265,8.712166420560592,1.2083253679342498
7.700882624418922,3.405620231214155,6.531361353499781,0.29118908431399854,7.100985148410048,1.179062404852621
8.249341112270828,2.882690439982509,6.926354314296276,0.29674003807594684,8.029376672074214,1.1910076698276688
8.20448638126302,2.8831620579366537,6.938031725671125,0.29703942198439903,8.072234290365593,1.1825380317743344
8.236022655188012,2.888519496543647,6.918343674754343,0.29719738718827354,8.057372469842399,1.1904616252647289
6.378145387023733,3.800285551979418,5.4305919940209995,0.28710000039383055,5.9466511855671875,1.1744843645123728
5.768598904496826,3.9674916000540668,4.876997710928011,0.3211430128386488,13.975046509017329,1.1828176362623632
9.747270817002978,3.233575801155412,8.39610846320547,0.2882967289758809,12.923828320517542,1.1609272152353378
9.069677858274344,2.9037073638635116,7.616882534436753,0.3120098976911727,11.341905366752608,1.1907335865125064
8.845947327583998,3.0910999470167426,7.473719046532033,0.31297196001837424,10.312922852926421,1.1836071536150008
9.555262301886685,2.9738757157951,8.083202088667084,0.30553025640567005,19.27500379061899,1.182113498718964
6.969227502420423,3.545634680991881,5.954912292731931,0.30778981622270013,9.161064449712736,1.1703325187386018
6.962384147250871,3.5476148494521165,5.955228285446479,0.3077872940935,9.15193938320636,1.169121285285688
7.029659594707518,3.5466579781729064,5.952963221813119,0.30777460067588963,9.145455115354931,1.1808672979784454
9.94220433889284,3.5945111063226363,8.686745718461886,0.34327724068822596,17.820869747600923,1.1445257707685326
8.832989818568045,2.597880756446451,7.236018192175267,0.2536790782381268,10.213453442012817,1.2206975692957318
8.677729313247472,2.5609645018237575,7.142224993047164,0.24804462917735345,9.774555096998167,1.2149896316197117
8.295259285483228,2.8528555153283413,6.930328723850394,0.2392840024378885,9.489830842317248,1.196950334684052
8.587350722092873,2.690669812853984,7.1353707829143636,0.2576082152851376,9.955546358851077,1.2034904678892475
5.830708778629441,3.1683847529679947,4.818328147868132,0.2729971238799362,9.227549912995551,1.2101103535692639
6.3295601282708525,4.264930998570778,5.43756341935188,0.3033115850435221,12.10825636907231,1.1640434584623736
5.172565468819764,4.559644089680436,4.387329051954815,0.31715957641107656,19.76866851786277,1.1789782365457817
6.5405959868557275,3.478843855108283,5.501525970519767,0.28884839396387196,27.851025451438048,1.1888694194854075
6.533924674641695,3.614697529195579,5.528805245988089,0.2831129281441582,23.47302559606826,1.1817968591646377
7.17573224102088,3.2554850311295502,6.024733860917558,0.28597259122642343,30.11854902749157,1.1910455144865149
9.25642505652058,2.9767954229934745,7.835365264729592,0.2990299202627522,19.224941765331558,1.1813648430900598
7.540267902164666,3.4087537955801595,6.400596143149535,0.29756213068785886,16.62022130545789,1.1780571267935573
6.913682185752934,3.627479418789526,5.899155452113317,0.2917026693110415,18.29971088021088,1.171978301279749
9.844126843771031,2.9912697795316077,8.356950128357216,0.3098100959381206,12.177362272005293,1.177956873329596
5.125346006537057,4.0087841207258785,4.290809368575168,0.3405083562604863,9.36326477647799,1.1944939908246284
5.461187152947676,4.178165985323222,4.634680339160348,0.3245054644179552,9.94675454292291,1.1783309210785966
5.51086313524549,4.137600111787673,4.654930670612511,0.31877449537013963,10.213040619526442,1.183876522594987
6.919101834867341,4.5643736571384546,6.0621456768938975,0.33649487940971395,12.295954766840515,1.1413618549682443
5.605128455869291,4.450654828234122,4.795819368495707,0.3417544881444422,9.65496433866797,1.168753037841673
6.149792241037434,4.353853682315053,5.290539534584569,0.33122818488549893,10.804170792106538,1.1624130584103718
6.126150988836464,4.364021290411486,5.260817572823854,0.3297159791783192,16.161668275707413,1.1644864897963234
6.634915487525034,4.707270128060973,5.789119624634239,0.3367000158588315,19.89070054200945,1.1461009475934318
6.8067161989361,4.245135337598408,5.886725331620126,0.33341083415457434,17.010042975861907,1.156282281827268
6.5717739640026,3.622019850696384,5.582408189608919,0.28641868613010674,13.412467146400033,1.1772292066057233
7.219106181565196,3.3143998972573603,6.08222107174822,0.31635803154129505,15.901452388846092,1.1869193994111429
6.052088790767471,3.9958281140174403,5.144793728321589,0.2955779352944774,11.002611989905908,1.1763520775286502
9.814365623968213,3.141095382133122,8.41669850509719,0.3251510732147785,15.28599268622269,1.1660588315031826
8.386251820029358,3.7832964442672754,7.263019954095483,0.3396010669850082,9.611880923796084,1.1546508027009488
9.68504732799371,2.7816602281230494,8.123295266901858,0.3005569294060028,19.450818821807758,1.192255976149872
9.824582033772689,2.9324295115260584,8.320975362958187,0.2920523176733873,22.77147994015374,1.1807007718720075
9.748357443948542,3.112245115912289,8.33379428272218,0.2999140966795593,38.12334164189044,1.1697381904613446
9.498167042909712,2.6784603842099464,7.9168608105789975,0.28798278148910544,29.23152854126259,1.1997390468476692
9.701937419813778,2.8860879016826493,8.139535523264787,0.28781742053877035,24.15986192798096,1.1919522179224187
9.813064848405935,2.72009245412633,8.175863255168563,0.3017401740431871,15.412802988561927,1.2002481624435652
9.840973261903471,2.6105182189358653,8.177002759496762,0.2809689591146678,15.641687702243752,1.2034939392033561
7.0676237465809155,3.9719789729513177,6.085499909859347,0.32852689764372084,13.565709676933384,1.1613875361546537
7.132319760076547,3.943934816375177,6.181028095088822,0.32621677061947685,12.903220242099618,1.1539050867190817
7.14668299444312,3.9537632412085375,6.1599066993268154,0.3258537763347818,12.880934446840458,1.1601933833225337
5.735826912174209,4.186417517447498,4.884406447804088,0.3127098445143143,17.52683293473622,1.1743140079492973
5.244109623514174,4.251226096562518,4.440393528692893,0.3164034915121493,17.74036720344617,1.1810010958776145
5.130141947300892,4.285652864535078,4.325955703905451,0.31603832525446646,17.815363369173383,1.1858979375746788
5.001197417648567,4.0963671145584035,4.178011585643581,0.3140638092978434,16.096278082184778,1.1970281353057046
6.058561866047554,4.366476089273244,5.225049758374407,0.30185653125735495,18.059802188424136,1.1595223292060026
6.343626422075126,4.39228466724485,5.477641476762669,0.3024472238315945,18.96525077173939,1.1580944917600307
6.371270900030128,4.479373897045259,5.523979490342037,0.31208943645604226,17.049734595052595,1.1533842424957352
6.966669784175071,4.235402301952381,6.047496721664511,0.32225471646548903,14.974076887355272,1.1519923209247425
7.960413857717756,3.141059827545709,6.716159101813041,0.3092250906239587,13.14336448106491,1.1852628469699038
6.437376324530736,3.2969724106511467,5.384377133690782,0.25994108920721026,8.526781273246865,1.1955656456995174
6.454201556834863,3.479587154924886,5.444717394621031,0.2730077093485072,9.63917338755196,1.185406163267744
6.603512800490521,3.5433076585787537,5.578593923768752,0.27450960283081427,9.833539610262461,1.1837235136178117
6.009352431897677,5.699725920580721,5.307722065925299,0.38033196709594824,12.725115819757544,1.1321904872293012
6.3551580030855686,5.556185604002744,5.631937930089773,0.3710134743481005,13.253123446952802,1.1284140702495753
4.977563567784175,5.93414546656551,4.333036892110607,0.31976789670175065,9.186857192617744,1.1487471008721604
4.607255336320332,5.976725946419,3.9787653722792133,0.3266342440413398,9.504225059833654,1.1579610520439136
4.294459733125672,5.911058522353906,3.6615599792318028,0.3266682433519099,10.190931028292564,1.1728497573393983
4.748819617764859,6.087730037986014,4.106721458158105,0.32837241205483464,9.814757766896797,1.1563529852581578
4.956271815104262,6.029666122330755,4.312147178523378,0.33517581907077476,12.69125186208322,1.1493744554427416
5.304393223094602,4.69953570767008,4.550142347382523,0.30291518899576964,13.451753726490724,1.165764237276217
5.176401168145969,4.713689570557368,4.416223394956079,0.2946049117245595,11.968237921180972,1.1721329980856756
6.367007535477237,3.9072111837080614,5.43580744829215,0.32873651238710716,14.982670904003053,1.1713085123126752
6.391709956769884,4.013232707753006,5.478976511852013,0.3218776404195311,15.68131332938634,1.1665883113284872
5.954375422450605,4.508918152312694,5.148079532829311,0.3096653183916048,10.827281526283201,1.1566207135067637
7.596443394841459,3.5070127986184962,6.4929751435127905,0.29425474950759956,14.30978712541623,1.1699480171938064
8.174819123060523,3.0780798138154872,6.888776550871842,0.30796316992826966,9.236794582248493,1.1866866435123258
7.724500080268412,3.090134510846613,6.459016609202727,0.2932593776419993,12.072974209034511,1.1959250993816366
7.441175097938509,3.6121838175024368,6.3766633215757125,0.30510467640949734,20.87303450183836,1.1669386829254378
8.057957215063416,3.2000783848214254,6.811246081672928,0.32661712687710714,8.930903036602267,1.1830371591983768
8.690779086756836,3.1807370120021106,7.3900231929796,0.34256089345548585,7.548844433955185,1.1760151301031008
8.256421626747983,3.754787149028184,7.1699047312869055,0.2941128936270084,13.655455533941879,1.1515385400757008
8.693743370334186,3.4589555161331744,7.493746481341548,0.2935800627446145,17.740630366172407,1.1601331045799954
7.12426374211763,3.5939895029211817,6.079862918433588,0.34587621658627943,19.14830916076019,1.1717803242763112
8.155886113627393,3.3226702066271896,6.944713083286978,0.315210340871923,14.88053060645357,1.1744021697966474
8.153157728739162,3.3385377035885164,6.9609340964320445,0.318117288669614,14.440330068036426,1.1712735124037754
7.811701016959046,3.4747598750989277,6.655750181226445,0.3218165079730343,9.798301895403458,1.173677016753594
7.70053809141488,3.6975056970516547,6.615549900884486,0.323951760804806,9.899605885505139,1.1640057450681967
8.713149417494119,3.4424139135129943,7.504009673715676,0.3393382679332666,7.748968661144351,1.161132487343893
8.871278190904505,3.3626582691062374,7.643878549801656,0.34188553040319997,7.821726987742191,1.1605728862783538
6.6895362583063465,2.9856042234464724,5.517364122936608,0.2685058942360222,20.47898201898096,1.212451473067877
5.81115559129688,5.236337659467905,5.077853109460546,0.35390593023937333,6.981889553115828,1.144411913072105
6.564228506933981,4.057621477158972,5.678473360339719,0.3222129517278834,11.107092156486386,1.1559847322311416
6.339097270152284,4.439329819959332,5.459942668443053,0.35809404838606773,14.957851420099612,1.1610190170659667
4.612080916588756,3.7140535490941895,3.8024759101611876,0.2650052521149228,9.545993653244558,1.212915223016692
8.427506918808437,3.4252434677535866,7.21161512165253,0.32415672690089037,8.977052246487744,1.1686018702669323
8.387178972017656,3.094792300354653,7.122103671916449,0.3337424496049039,9.715122343324389,1.1776266336994776
9.936016891934482,2.892258362361636,8.40271491923967,0.2718966943480571,8.87100003693774,1.1824769717206536
8.511783910076185,2.7555706582937827,7.089606233736058,0.2830898737667612,6.872074279286891,1.2006003760226711
8.53454264579357,2.7594168441677303,7.045244028941166,0.28265710484916784,6.866118700154943,1.2113906361134563
8.521754959647316,2.8071576826203914,7.087502170279767,0.2867746621139867,6.959794016684607,1.2023636472919674
8.932886000778199,3.1108423762948814,7.609063521852802,0.3117046812922884,20.67692178196727,1.1739796855583415
9.047351496351187,3.062163091917919,7.641039356772289,0.31807676453123446,22.42976277825303,1.1840472315238733
8.738738883865727,2.7684683450591456,7.292050277491819,0.302525601883165,19.574192316809064,1.1983925715432
8.301611160296547,3.6750584764912326,7.194000045722469,0.31193840077833296,9.672364249924268,1.1539631786953712
7.698008726792982,3.205153302445264,6.5106113956965785,0.3032105656017942,12.914774682389172,1.1823787750381256
6.976025725279491,4.242474038868207,6.056095808682722,0.3289522713740784,14.13672263890736,1.15190148003898
8.234334807600865,3.0414863484711168,6.924537031696491,0.280849669829676,10.967364699062616,1.1891531188163027
8.982334277527311,2.644433608848103,7.450904517057707,0.28149489373101544,8.325278689853981,1.2055360871909753
8.19803894007813,2.9250587339488288,6.829598264019827,0.2496221767432997,11.111465616478485,1.2003691319982346
8.195770518982682,2.8849991860774225,6.829033700583709,0.2545974498197465,11.203334157502882,1.2001361947126066
7.334334328729289,2.789241179907398,6.035883662193714,0.2668199428331242,10.170986777865828,1.2151218842517681
8.1422804602891,2.7084065471312813,6.736400833718468,0.2857594684535689,12.973527995024172,1.2086989271086162
7.401580872711958,3.1775529033278618,6.2007128335823625,0.292082181662496,12.019271391222597,1.193666127001694
9.741265783448334,3.117624153161969,8.309244026789033,0.3106919909207875,19.76435184804191,1.1723407992402748
9.614381719886197,3.1946496987418156,8.243153404223982,0.3063407489863946,18.036349938472974,1.1663475430360868
5.176149776835806,5.007599816598472,4.434658664091256,0.31192932998203465,10.12685869294147,1.1672036494597933
9.444967004435012,3.1790399713190314,8.068180395036553,0.3100551202995255,15.993701362989198,1.170644004222494
9.785396528880755,2.939930758581991,8.310049793634994,0.3066452356087134,11.824884534100008,1.177537652828
9.498048257987103,3.216877914132044,8.180013602968232,0.29718614793340825,13.214317048460295,1.1611286629817588
9.584849056737175,3.212066547719251,8.181453608959352,0.29819692831124217,13.931478025852861,1.1715337536401835
9.5582381163993,3.1969404953473015,8.208939331529313,0.29757778056485534,14.026831558557888,1.1643694429178604
9.681056516910276,3.218779865045272,8.293567864846485,0.3295065167771284,12.882085008067836,1.1672969552639543
7.090922332080682,3.686523616175398,6.048996728269403,0.30658034073987517,12.12208295725935,1.1722476719059776
7.360748614552482,3.3498958016546334,6.213359187410214,0.278681552646263,29.297366749900974,1.1846649119315618
9.030642120342215,3.4770447260874433,7.801086562115301,0.3178442387497194,11.16714432703777,1.1576133719882111
7.083863546481588,2.83838150243855,5.8313713447675495,0.2723773608292382,12.647348693089768,1.214785189908698
6.75815083501567,3.7089397822109276,5.756084239835367,0.2897334488892618,9.52923621778024,1.1740882435745872
5.474357803062078,3.770510015721093,4.572056274652059,0.29523298164040457,9.781256563204309,1.197351361008496
5.429156946811619,4.616528879090472,4.657265931026495,0.2983912820208647,8.74012471152473,1.1657390896755158
5.857001919638363,4.232958706776747,5.015077760292841,0.32966992365516723,8.889474413109747,1.167878585255747
8.512656222330042,3.848397955647693,7.429716594608473,0.33934404556115716,10.085338433380603,1.1457578649106788
9.841395417532201,2.629165567310742,8.16055535667248,0.27498454145295054,15.006856682259972,1.2059712834967025
7.674800358868716,3.798163444493562,6.609135157218883,0.32406189132469454,14.918324069859377,1.1612412481057908
7.662346703372606,3.7168384286509197,6.628346482402428,0.3237252496062144,14.486957070975128,1.1559967065263321
7.163608826957303,3.957471295264365,6.163739133404144,0.31270707599142805,15.546559590902516,1.162218041989221
8.230970951823544,3.0052949264860773,6.919094367302966,0.29060097151485803,14.988791140495012,1.1896023547127803
7.915914280510108,3.3179126853617444,6.720487586194318,0.2708578200989151,14.040393953328618,1.1778779707549072
7.711873416344442,3.332165490067752,6.557731866806518,0.27160798214928783,14.332961402533675,1.175997063158358
8.142854403537532,3.1197978453522217,6.863311156099986,0.318376303317649,21.57053277884452,1.1864323528884906
7.8820556127057415,2.560755377215309,6.423335040557824,0.27857372463353713,8.168666821183253,1.2270970707486617
9.54237320771765,3.196334370392121,8.187441192477584,0.28949352947262597,8.247071464514697,1.1654890683654553
