q,rho_0-4,rho_5-9,rho_10-19,rho_20-29,rho_30-49,rho_50+,seed,phi
0.2764800777454963,0.05866706618546983,0.01802694566701913,0.003928171620521297,0.0074820496119454944,0.008891537641228523,0.03163527823273328,156.01724330037612,6.346819229182084
0.27398346278806995,0.06278544434727831,0.019244168088070526,0.004810726852845861,0.0077776280752663764,0.009776687542638267,0.021711198970444476,175.09633564721972,4.92552379224214
0.27508248864002544,0.060155367085296445,0.01805719324380598,0.004970042873295562,0.007524032598452035,0.008480250393815954,0.024618278309964336,166.6979564144797,5.225505923790516
0.28145228816852846,0.059462208716211364,0.018506386473336262,0.004505579218412696,0.007146472021670322,0.010168137852515087,0.02398690590992099,135.8706741810049,6.295006296723342
0.28017011938409764,0.06467389073980008,0.01787675485127427,0.004560304290853751,0.007498619779362407,0.008724327092004273,0.022849296508630483,145.30057609064744,5.689232622298686
0.27237977287957504,0.05051655721141674,0.02059015759026602,0.005192402234090472,0.0073288733538619324,0.00933936697382038,0.0249709596782794,177.15708877839222,5.05371269130802
0.2748097087992112,0.0597108035578683,0.02076276533606823,0.00539824518362333,0.007122580121349739,0.009723778316214644,0.026575393696970928,170.19120080476793,5.117438064679737
0.2721884476302952,0.06385872885547134,0.02067268246766364,0.005120549324990678,0.006902539841324463,0.010065501522888178,0.020697355152222582,165.55230851931177,5.471776187100472
0.2750964722712342,0.05756085549403927,0.01871948987250761,0.0048812952550273386,0.008192228369383232,0.010295798467501945,0.02646599965424231,160.33158670992614,5.852307506514605
0.27517067276003443,0.06146955324922039,0.01872950355714019,0.004999956706892751,0.008200907924768745,0.010273432717283586,0.027850282054832948,161.0041265901724,6.465565493704764
0.2783522070995531,0.06190012736089352,0.01807159452731226,0.004169795206984031,0.007674638801426299,0.010218276604274375,0.0235183447707613,160.205361770822,5.539342908045404
0.27862646073332453,0.05448397814625188,0.017711020052677856,0.004654665740962347,0.006922311171980549,0.009142752145073183,0.022274134100820166,144.25549128571996,5.6372287594781465
0.28373044563837096,0.0630770897918255,0.019582884544233244,0.005074310069511567,0.0079732390141458,0.008672282953850668,0.023863487289294653,116.36413179669734,7.300484178446829
0.2757736684248187,0.0590499994004585,0.016851284570494066,0.004338237815164495,0.0065665286868434045,0.009127432076555003,0.02244332002714129,150.49955728964568,5.185615562780552
0.27558262934587313,0.060906799878847354,0.016159175899923685,0.00431677768896431,0.006758145059246567,0.008877365522440017,0.02644660576913395,146.86289695897204,5.472134244853056
0.2807566748033814,0.056964645726692964,0.017837198336354308,0.004242077382492132,0.007917060328479029,0.009583425867874473,0.027618133806546815,132.06830297217235,6.772816853700743
0.27981140686178463,0.05592770133629236,0.018434042332751463,0.00459394263282002,0.007441041475271709,0.009338383775996082,0.026126936584817392,136.09205291800887,6.70831907172667
0.2790136340339048,0.05875358741343311,0.01861779857878137,0.005162424595907552,0.007355152592916456,0.00933257212128569,0.023395013916298307,139.3778674728724,7.047063034822795
0.2781058189727534,0.05447565145149763,0.0202155050360381,0.00485063056797862,0.007407619920562169,0.009391901211000038,0.028720862922746098,144.78329997112223,6.328792841865553
0.2812770000257244,0.06202814927669281,0.018285143338146643,0.005231085098274872,0.006993505212783606,0.009415221916971382,0.023059829853092316,139.50576259686002,6.642587140755693
0.2798098390013565,0.061542983480595434,0.0177773506622099,0.004941644590615514,0.007550531006779242,0.008698069329451982,0.020865073592056815,133.67802427925952,4.846539024356007
0.27726575967218514,0.06280059437539245,0.01986970238093808,0.004845923465260112,0.007728969247883532,0.010398419545399714,0.02342313969017778,141.68699406870297,5.809305235786748
0.2784386314772846,0.05802227009283246,0.018653702140036643,0.004947348752575952,0.008131466296680632,0.010153016594536008,0.02636676652398918,138.44912344989888,5.581681164425447
0.2774329227180149,0.05707466480938945,0.019322072024631185,0.004900530905118314,0.007999433261385473,0.010032411250260252,0.02670518007838911,143.29471741912917,4.90686647956469
0.2806027177590723,0.05523121394086658,0.018475266491961278,0.004497211606639013,0.006926429997272465,0.00954147996337339,0.023122401827049513,135.4124339158194,8.561950786523294
0.27829127349999205,0.05781845726241172,0.01623428142755673,0.005719974253180779,0.0063111273493059415,0.008897799534021391,0.02442372047457716,139.32961233971406,6.203052745937144
0.2763616451042441,0.06120310356785373,0.02091563154791502,0.0038742943490965064,0.008963601635003572,0.009272435834444547,0.02629767566797472,162.49777807668454,4.892145171705801
0.2768163549801099,0.05492978417643886,0.01832431406177748,0.004798297129366249,0.007873403758852862,0.009796125965850982,0.023217670076044774,140.5209467130048,4.7219776462507514
0.2767628929096285,0.057400330174593894,0.01956161350037998,0.004656193876814232,0.007337364975058444,0.00933310888287208,0.029473029171532997,139.5198326563956,9.355491830447093
0.27788986542429134,0.06010790609429565,0.017483558460999478,0.004297141811858741,0.0064008491957077175,0.010142136150993263,0.02381270325291329,160.05745372868705,6.901252712834259
0.2778976116427276,0.05689015563966564,0.020135500005830333,0.005395696409498207,0.007643329683537638,0.00906079684789858,0.025723813492922923,146.92474716161115,4.255813756468237
0.27576808843602224,0.06245320062264109,0.01905071920590632,0.004502047670978494,0.007883429775168121,0.008821207346393176,0.021000183820807327,165.87862014409953,5.488964443274465
0.27607674155540873,0.05842982689107289,0.018153910725017514,0.004954066980762967,0.00739176028440626,0.009485262384966324,0.026119738426815496,140.49440608883086,6.773802690035749
0.28147171239234225,0.05999094506759593,0.01826169439310425,0.004359061859150427,0.007637673977841352,0.008730353942485086,0.023335876880703783,139.42210258681385,4.59488885445419
0.2804614865754364,0.05534394222986542,0.017671537747782576,0.004216151250728243,0.007684622866829039,0.009923126013333904,0.019944949200481742,131.77102731950802,4.611953070660308
0.2829398482649709,0.06012405917292926,0.01842881412986042,0.005209550492814885,0.007081564722858557,0.00832256074407944,0.026962632728900357,125.48254902670111,7.900889448166471
0.2746646533238331,0.05555305592733393,0.019585431822265853,0.004468942268117516,0.0076776067476832495,0.010450476454166996,0.02314784260844968,165.5492470674849,4.041320927500806
0.2727998501013502,0.05957652851245608,0.02060175451945119,0.0043631763426602785,0.007153306145333855,0.009849736706794343,0.026501655319801972,163.5889792215692,4.834735485362238
0.27375890582832235,0.05944771835856596,0.01638589068412947,0.004955000520384519,0.0080122128023195,0.009091330087755787,0.02367318257961485,175.44020616099783,6.082910665789367
0.27334125918389407,0.061493306709982584,0.019471338211655326,0.00461139168377434,0.006395661103051465,0.009771023599036893,0.026758683236400235,172.6020308481716,4.934027159127706
0.27259348733836875,0.05944321459132348,0.016154024933800117,0.004785719478932216,0.007134958804533635,0.009905949565897354,0.022641321363481737,175.82327204389088,6.600982171792597
0.27918288425449833,0.06117925150020081,0.01963841811379973,0.0040983364264052784,0.00729411404696686,0.008424774880724129,0.02684532191759876,132.84388685496617,4.163944721679062
0.27730668373243134,0.06180508423335644,0.017796465440276178,0.00549837490559868,0.007707673744577469,0.00977420975665538,0.021763926832977194,158.50300184207777,7.514048069564547
0.27853101874561814,0.056551237969202306,0.019624453536417848,0.004972668623510793,0.0070952309769604935,0.009668961143822933,0.030865597577741398,140.88081787030032,6.295412820893647
0.27531517136288236,0.06499093223033611,0.019942759692871466,0.0047947956749901845,0.009592783586722012,0.009275741633310922,0.01820203522733926,137.79509450609748,4.5715214917123
0.27699125480525427,0.06479450097654633,0.020485722106649385,0.004823379131464783,0.009470839117936246,0.009605542099980373,0.019948032007966448,140.93611331643385,4.553646834970002
0.27866072411845294,0.07191013714125116,0.018451195279506175,0.004903045570204654,0.007377451166649056,0.009336874329967836,0.029003823675064037,146.5573160639655,4.927565193954543
0.27323055107168276,0.05279353785737262,0.01832347107588846,0.004653479087538507,0.007768818268555798,0.009211528884403561,0.02073367452367124,161.8451391531296,6.124605972251417
0.2781256297737521,0.06618412793275276,0.018720549611895718,0.004734251837225147,0.007485096808732804,0.009724465789247055,0.028592196364411453,152.91006358638873,4.714282479707164
0.2755781716328506,0.06869979924381787,0.01817727858055258,0.004944845633150769,0.007682152095965957,0.009555960569080237,0.023382992459317877,148.94249146806752,4.683830440072441
0.27735750976272544,0.06281419908034974,0.019165148835240838,0.004810130254115247,0.006347693038507687,0.009387538867340051,0.0230872220984071,144.4673370593375,5.989317165941699
0.27779537215038924,0.05821919571128006,0.016678141018074744,0.005556549917820137,0.008368018490671598,0.008448012610941563,0.02339269368833955,146.20247407434064,4.805916434974131
0.27441919396377923,0.059212748107261605,0.020606933367492447,0.004374401153331255,0.007397265163486148,0.009145999172169232,0.027332581502809587,157.70336115009772,6.776927261727396
0.2771522200706445,0.058006304378581036,0.01873709549230222,0.004842163730718401,0.008070699590509742,0.009801148887112515,0.02229352716165622,148.73632224908775,6.616634531248807
0.27776717936889506,0.054328104357374216,0.018463047421709795,0.00556468166981527,0.007570313642785654,0.009533329979262498,0.023171832104159,146.04388775887801,6.066591841990947
0.28215281390569474,0.07166633340366292,0.017215927441096145,0.00401594218649298,0.007736866608026792,0.008419455652218766,0.024016649998017902,125.66553828586709,5.108632575414944
0.27505089972533947,0.05203570751813227,0.016985906387631325,0.005406392161225083,0.007814425365184147,0.01001708616853134,0.022081014549479437,165.10022538511956,4.419508560856727
0.2737521693546675,0.0533207131009008,0.017105664815615422,0.005023568287065056,0.00852282962619759,0.010485788215193203,0.02096105917706473,167.5909213764748,4.353385271420584
0.27489162061565364,0.058770089035603476,0.016947866990034692,0.005117238950910367,0.007931471357133095,0.008885823883985577,0.025377047951846116,163.37095851285272,4.6455374306643105
0.27645803118784285,0.058196770320680206,0.0182924727416238,0.00405666829655171,0.007969116634176435,0.00838456675959767,0.025017045173236673,155.03642794442194,6.800919520238657
0.27746007889714064,0.051783312997935635,0.0168530258918793,0.004737154668098896,0.007484275180804932,0.008406763131205083,0.025984577576656193,146.58743481632186,4.838360513503403
0.2744814875424982,0.06397392968664005,0.02024309344051614,0.004666016919889841,0.007198697875289703,0.00975214497533718,0.022564012712671215,156.24984222625875,7.422236540231253
0.27905146713991,0.054069006858621996,0.016800413695377443,0.004769812881195055,0.008517742636186886,0.008830999149766532,0.027459982704106333,139.7826437270015,4.517598779683421
0.2737605216431676,0.06682839031901124,0.019940858649532857,0.0047902836425822186,0.0069452542948797834,0.009772940354758269,0.023199219839565573,166.27382563897018,6.77354303676171
0.2721099035523677,0.06421945564398818,0.020300860031045427,0.005116409527540927,0.007538621435097255,0.010123812933305023,0.02297702749483784,167.98990426176738,4.948828008213425
0.27326033242441206,0.05816053727461017,0.017460428046040727,0.0042837913125592705,0.00812783808901546,0.008438107946122896,0.022352247240572217,172.91808889559877,7.147231696404046
0.27760396235549656,0.05727263834606361,0.015897717711263255,0.004588010459521668,0.00827961638449262,0.008506836877638868,0.023930176776366874,152.09319892923855,6.29391898855742
0.28129450309025344,0.060874236141934907,0.01617132706746865,0.004691604729434307,0.00835712920882915,0.007807944335747506,0.022211886584825747,128.6215928883799,5.442663905600134
0.27723126586051144,0.05655703802795606,0.020649447839010904,0.004628890859755099,0.006547210467914312,0.010899878128697475,0.02456865062522252,150.67761410879422,5.23073374483555
0.27809137402389555,0.06462993561940733,0.015921582744747895,0.005303480830194669,0.008571123955419056,0.008773521747163723,0.024108583292151712,147.0947459325833,5.2731643564973645
0.28176808107466417,0.05804463721945998,0.022436201101349675,0.004719301366500332,0.007401260266900399,0.00964653869833049,0.0214345808065426,120.53768870987476,5.698209104694342
0.2788069730113085,0.06097606078360693,0.02061284554027613,0.00494357773189466,0.00704948674337894,0.008769689086741934,0.024358851175608428,135.89719225761274,5.9267322489634715
0.2782759275400225,0.06618248421782409,0.018634759442456093,0.004751771325319798,0.008052233124652922,0.009593910419396612,0.0237490181035554,138.89883677976425,4.739638486608787
0.2769472000890365,0.07623934562446438,0.017564189866655665,0.004985949306879726,0.0070807320341048615,0.008852956639935627,0.025662338621105476,148.89428574714964,5.442700493244582
0.2821031582607445,0.07008537742559139,0.0233331097867655,0.005447930131728067,0.007649615109899068,0.009226083771086597,0.022945113848269024,119.54035961093133,4.409101278986458
0.28162176959680607,0.06095774528303186,0.01823816684248422,0.004557702799795222,0.007611372191827652,0.009145424303355791,0.024725554549188174,130.6473926678575,7.039634765437226
0.2834858520830958,0.05047624874587242,0.01700625786056321,0.004984829153452761,0.006845451447621015,0.009003411386396223,0.0224382511517841,128.833896046863,6.209497224680472
0.2792666024452397,0.06540115890210481,0.019407010995268686,0.0046983969542067254,0.007268436365694562,0.008768894877716604,0.02402930328229713,134.3444437265983,5.484020044208775
0.2813990406953362,0.05196445534000562,0.016453571916241624,0.004748697608289495,0.007426797018221316,0.009612381955713862,0.023057808590810535,133.90833397456282,6.45764035819549
0.27684565025068864,0.06844276397542341,0.020422194888870128,0.0046829446203870695,0.00729721251597023,0.00847217041572365,0.023218049452537203,141.46293699702565,5.4627294311974826
0.282536588938845,0.06737140841292935,0.02028197059419818,0.0045559560366945084,0.007754575495942675,0.008811573917062745,0.022209334948201428,129.2446809209893,6.914341478327789
0.2756490691266467,0.05563676345933597,0.015251414934184335,0.004667739878855604,0.007057033617529584,0.009019084853198734,0.027879430477946724,150.89523222356885,4.359973728750054
0.27668799609197886,0.055764342231439105,0.015063559585875373,0.004901253184904632,0.007027722327027844,0.009037578423694882,0.026395213989249752,156.58535847521853,4.3133771270428625
0.27740765755494684,0.053177595690229326,0.018251153831010315,0.005111178123374067,0.006815934832022062,0.00881040279720608,0.026099476620236668,147.00500729211214,5.070613491488233
0.2774287877110175,0.062315153891945876,0.01719549143801841,0.004579951829703436,0.007540223188047954,0.008803638332804217,0.02411082995175537,144.06392959205488,5.897032253377677
0.283616403638211,0.06393420176745888,0.016928665404963985,0.0047626983185399836,0.0068725777602278515,0.00903479541561883,0.024792536888678652,123.88163211013604,5.78871852361055
0.27708201827917006,0.0546151038163876,0.019062067237039997,0.004758253577817147,0.00844741377035596,0.008808548530213917,0.022541778559274913,145.1649325522307,5.807689071452487
0.27813257653228735,0.05912189979559707,0.01859719463532209,0.0045679518863611865,0.007129331456325083,0.008991758645519154,0.0257380967650642,143.57711785515983,5.507114767021829
0.2769892988525398,0.06021989673872168,0.01916286981311015,0.004050346824980892,0.006766723218950943,0.008705508723576259,0.025422313729301396,151.0360960931183,5.679547333441543
0.2781984669433805,0.05783848262042473,0.019034656403904237,0.004295697949375076,0.007339959144155239,0.009051757401609541,0.025256557906707344,149.47094904611527,5.761795684462859
0.2812817372767281,0.06260585058876496,0.021472890848858617,0.004647401394084408,0.00759789549601305,0.00902538051203981,0.024527379752411472,131.59010612503795,5.0831724370250875
0.2749558426060558,0.06761431765472548,0.01789329061865561,0.004599970422471372,0.007438589556097377,0.008939970127085042,0.02664823481394975,166.8434229829351,6.14538608616141
0.28052888014088967,0.05220572307695309,0.018953344688999705,0.004789415338543148,0.007436180532858435,0.009596118601095174,0.021269899004693237,130.13851635659853,5.115256852258105
0.2802554799579861,0.06899837408708677,0.018345555627950698,0.004372477275957163,0.0072351072674215105,0.008751121602542938,0.02519960650586947,139.92140688154163,5.65835754803847
0.27922276419549585,0.06888713015411702,0.017661496577433072,0.004270247886220897,0.006963157635541977,0.009526833913095452,0.025028010592281463,140.09506755394398,6.224235889409684
0.27534986150210267,0.05192536434302013,0.019641086213873844,0.0052286149487943325,0.008142403338996228,0.008908278969539832,0.02428025448107201,155.9131243112209,5.391975817367098
0.2747893328670876,0.05198809130006432,0.017756934353805133,0.004791872759845614,0.008435437394670302,0.008981639139543095,0.025953258692304144,155.51806458727896,5.690704364028231
0.2788330445227605,0.05728586885507891,0.018550659966952678,0.004240257655957863,0.00869214912885713,0.008626532126777706,0.02541584027649112,143.96541753164465,6.65392519163885
0.28122407228242,0.057641252984770124,0.017465128812231823,0.004998356146811022,0.006265368660242344,0.009267554687585694,0.022205407178571838,130.71339360236473,5.441134672890076
0.27697512220494624,0.06661301886535907,0.01806363880901182,0.0050005277449242875,0.007925654979306125,0.008999517686754045,0.02267746286481305,145.86740352965776,5.519167494927097
0.27880145665597633,0.059493316020316024,0.02036115857159422,0.005383701018045327,0.007567082422196341,0.009477051782683363,0.02496587385820697,137.7018475166313,5.19073709973655
0.2764582221732049,0.05912045994912824,0.019379360904809573,0.004258877460860723,0.0080266279069289,0.009553096182014251,0.022704130962174617,149.30970189315943,5.446288820639939
0.2781353670868534,0.05857219220780578,0.018769490090331478,0.005370834702279217,0.007307723263962319,0.009237850338844077,0.027624385467451114,163.6209806922961,5.784936348427192
0.27886276007899236,0.05919521440157116,0.019944503062922517,0.004087573424589408,0.007515988223140194,0.00919105037414467,0.020923782418753565,129.58315466223277,5.1532270412375105
0.28231906292649195,0.06264683556627411,0.01753825124139898,0.0057155506547152245,0.007504275132986708,0.009205967821128452,0.025270618577199234,117.75674535557715,6.0184556762437955
0.27756277494048504,0.06930661240721171,0.019663669208351782,0.0038753244191323845,0.006809817249990265,0.009086232629044923,0.02159938566856733,143.18176673228956,4.668362095559473
0.27734156338697646,0.06465466387736366,0.02074017813523565,0.004491311168914115,0.006892275361187028,0.008904379080166294,0.024600525090731403,148.18759383732657,4.971399565240205
0.2796016451574259,0.06126573037114273,0.016762469564876724,0.004799130985296995,0.007423557402421419,0.0093887741799475,0.023164452696188168,130.28962497790772,6.190111299188145
0.2843643242545843,0.054703735649088446,0.019119319279310678,0.005064529812555332,0.007333001806360807,0.008195605438198958,0.02262651011859964,124.75323506171586,5.900890519010946
0.2781409530558255,0.055017359589662966,0.01661359349878294,0.004289142071730125,0.0069153652472287285,0.009455947972221924,0.029785556766399095,149.8845192338601,5.340754913459711
0.2766544134110777,0.0655093317041225,0.020551670834634814,0.004983437570244287,0.00820839605071582,0.00913595239541964,0.021058763814240617,155.901487493676,6.074834707570849
0.2767708233394326,0.05292543728623695,0.016130557266070822,0.004394890958991548,0.0070482871181099605,0.009642198920263249,0.027871077990947516,155.7966293087561,5.474968294739697
0.2804915984484198,0.06296334549812749,0.02062109644291324,0.005037402695157174,0.007836498273027351,0.008702734472274444,0.02123586623351872,128.7963154751512,6.774527196788994
0.2804211422753728,0.06334556350831144,0.01950874786493543,0.004942001995721121,0.006448045974091666,0.00952798596463409,0.02749617410227488,137.4165704304134,5.022848242910921
0.27987228298567285,0.05695424362221304,0.017515737621052786,0.004843299474305767,0.00855382505174471,0.009346442352999054,0.021875668196216252,135.915457983498,6.524668334912248
0.27987228298567285,0.05695424362221304,0.017515737621052786,0.004843299474305767,0.00855382505174471,0.009346442352999054,0.021875668196216252,135.915457983498,6.524668334912248
0.2831341402850606,0.056554112692519164,0.017730661838365074,0.004482677666853669,0.007113963629373006,0.009488379830794334,0.02483990131511073,122.5666964905446,6.193427096241808
0.2851042913220527,0.05735294576121413,0.01809894997835243,0.004527979827667748,0.0068458152593175526,0.00983851086927533,0.024433748959727632,116.14600502673923,4.606405282135423
0.2800413490452242,0.06124914494549703,0.017064374043352815,0.005209616118368959,0.007228045733561338,0.00996611326146148,0.022093174203747443,145.10327607512036,6.241927992092962
0.27631943558181016,0.06014726518805825,0.01989515871350731,0.004328126412240292,0.007138301226773737,0.008795634147481331,0.026271021816465557,159.17161534824825,4.657596026413691
0.27822994261234624,0.05845163101902822,0.01736900322481299,0.005098100384297288,0.007962134177734548,0.00947379717597174,0.02355675975117005,139.4803442341071,6.947034125578145
0.27962717353835015,0.06317114525755776,0.01900135137265307,0.004873885090654697,0.007822396574760561,0.009040256517873105,0.023092234065307072,140.06500601424577,7.698756876454029
0.2818169511761107,0.05176503709258043,0.016289692009413912,0.004667468588897151,0.006833625183221428,0.008974262214933259,0.024237015780028844,135.65931675183478,6.010490417066132
0.27678351459883355,0.0635439008343915,0.019982552582469157,0.004658954478090009,0.007945003305745971,0.009229075569748876,0.023429723989125892,143.68205457629787,5.657422266784123
0.2766907109134327,0.05545477307394434,0.016141151418408637,0.004071392385762425,0.007487796267808702,0.009775481498211704,0.021866772458981023,150.14281170633728,7.622295132554044
0.28334728770769585,0.056178795324487295,0.0193253040733444,0.004870500651390221,0.006913789961139988,0.008218221552037148,0.024448434170031053,131.02481759978562,5.116621490614027
0.28190889179761963,0.06637943294353679,0.017356188201645223,0.004506252820578747,0.006752594592647939,0.009609919717427147,0.022670841556329063,143.65083120492883,6.340708779010811
0.2793132514037782,0.06349803690376041,0.017879973555544673,0.004561270594828976,0.006389905202867539,0.008280966768437866,0.02584873939281173,151.73655059216614,3.748103937956147
0.27963482959369856,0.06510701487377651,0.016568767451690888,0.004653361725597681,0.006630523151831452,0.008209310276298225,0.027378684382802335,136.3028253847182,4.479353867100103
0.2811045858849112,0.06679404557110089,0.0174544043797676,0.004499890991295025,0.0072032811362094905,0.008530167592491703,0.02720961167024103,127.80908009824739,4.220051706674164
0.2796809577280754,0.05245600381347791,0.018579002679138458,0.004892236585313688,0.007424298665310935,0.009174089464020898,0.024887475931684663,137.72565478473715,7.390590610649919
0.2804579756304793,0.06023424799420515,0.016265346875036116,0.0043862761918646714,0.006960938801528737,0.008946739913228061,0.022907941539597555,129.16564183924936,5.752536740381631
0.275199978821738,0.06148829540416571,0.019436511169931538,0.004834265688399474,0.007743450422836611,0.009320905067266651,0.02448767944644386,158.35433661360972,6.373788291191829
0.27839257681095797,0.05947661937407661,0.017114955584255562,0.004411246100660186,0.0072599986929772825,0.009176328060080476,0.024716259094025247,143.98458790128922,5.276137334270762
0.27946305450176195,0.05610802452713564,0.01591186353720834,0.0042109951833499745,0.007053312676034256,0.009003833828606408,0.026466490345939675,146.21139523456424,5.422520233722347
0.27950388048198793,0.05773882438824294,0.021112583253898205,0.004575257837480338,0.007958573022643033,0.00931732794764091,0.023271379240504708,135.2226558043991,7.412980144892096
0.2774620682100757,0.057769743017524904,0.015501429319032655,0.0052465124424122146,0.007202573410825491,0.00913071887945284,0.02385433648293057,146.40912872971955,4.744547303406253
0.2752255184854181,0.06160635366915509,0.02096300568456391,0.004605821624835974,0.0077660365126216825,0.009641338172304139,0.023222111279362537,151.21658934240872,5.720941058684632
0.27670551060586196,0.06593972389238074,0.02052993026696914,0.0044941976994858504,0.007815763937861035,0.008609904372022251,0.023481014853523666,156.18746043149454,6.182238462386072
0.28352670664167695,0.05946552529879718,0.015572803490249424,0.004915717444120829,0.0070457469980363206,0.00918972212943953,0.02347900699066359,130.22807740198203,5.461035024772508
0.28364625580485103,0.059813164782706256,0.018036923832151382,0.0045163744854633875,0.007341276667870094,0.009400923862950144,0.02264616640495699,126.58359948043235,5.209427913946001
0.28483320531329404,0.062217514713159304,0.015984436300363808,0.004907023483987605,0.007283008969595275,0.008969726750230618,0.022072430898214198,123.86340254159624,6.588517240769593
0.28020457660487974,0.060923331348218195,0.017859185625816048,0.004163801663443322,0.007717155468868533,0.010111632423952147,0.019706264768748216,142.97927271683267,6.3088633988018366
0.2762231552671688,0.05901749848832485,0.019319150892173308,0.005073292895588261,0.007056134187931668,0.008366990471067865,0.030187202755642503,141.36216443530176,5.350638866730126
0.28548568506330907,0.057024670510992505,0.018551951146295292,0.004235333289115657,0.007405084238539148,0.009072118481673455,0.018997464478943005,112.98506553113562,5.27420566637073
0.27769231495704605,0.06037410654957248,0.017748911747844077,0.005196230772534913,0.00708688602357394,0.008614464112591593,0.0302088067179097,142.10758852038603,6.588822134843983
0.2804868345764315,0.05726175696920736,0.018895868153885876,0.004246502488376408,0.007812996236671674,0.009601972885311599,0.020122536529773954,137.4936340293833,5.098641154991387
0.2755637546437091,0.05962156585320947,0.018106479447567603,0.005156384881158729,0.007100669295800014,0.008942998355838092,0.027055102837376076,152.7064296963798,6.317299640275855
0.2776920622566254,0.057991172934300145,0.018364448079974793,0.004681128142423309,0.007054235131466869,0.00881679861284572,0.027848897313502617,143.69878737448508,6.037118940659967
0.27942311728545516,0.06084551420771207,0.018343105759164948,0.00480585010180469,0.007942073472570295,0.009452128902271584,0.021116030701825363,140.1735939381585,5.053680508209794
0.27847987686508996,0.05492801788983868,0.0171845353494789,0.004875456722099108,0.006656527926002573,0.008749387379470727,0.024566951214515576,133.84746995965372,5.793650859120019
0.28143936106795764,0.05660342455583456,0.0185864224706085,0.004366321391981339,0.008561882183349823,0.008732905286102228,0.02415055087597145,136.8712344615767,6.873171246398903
0.2817415440548628,0.06098036827077251,0.01828664992469741,0.004613969544592238,0.006575230233646804,0.009605896959101086,0.021626834644561166,133.00638301194675,5.480459288806649
0.2815692796613173,0.05669098959392556,0.018227823771811095,0.004658956743096957,0.00795770646036871,0.00852986826032865,0.02457230275736054,126.15462894549071,5.925323441202831
0.2811037904133636,0.05928014872371834,0.019138977113522315,0.004257823667254973,0.00664833631408606,0.008526101794844507,0.023550538764773095,139.34221051578567,5.686784768409195
0.2808133604945255,0.05591203961437777,0.01893104047082468,0.004208075103404955,0.007247187655714184,0.008792417254771139,0.024815062992891677,131.25982351824862,6.295608606068999
0.2779244308347498,0.06567727295827336,0.017775039827661532,0.005275947627021483,0.007434639802138331,0.00951501100764571,0.024118810086788976,143.5156322722203,4.8768484985362415
0.2757751343192098,0.06594165010567717,0.01891996910691356,0.004739152015744219,0.007576637270411259,0.0082557759347332,0.02242098149684554,160.37743788197668,5.705656972792381
0.27452971144041144,0.0599024069005782,0.021795575140077673,0.004694411714845604,0.007156541512993429,0.010161099450497313,0.025994826602260563,167.20463691204526,5.759390895801764
0.27686116688290546,0.056253164602240995,0.0183252333300815,0.004535238366895047,0.008568120182033522,0.008597082153282535,0.029661589034111223,153.35661332766023,5.062453942660075
0.28573183568619226,0.056423119872948756,0.01750066027703959,0.004411109541616505,0.008187369271835762,0.008178331418436002,0.027199869142447118,115.93515706606496,5.181348200776647
0.2778765703826897,0.06269439048481548,0.018677562967597205,0.004612420747597082,0.006969329037336057,0.009203659338862101,0.022124878964405167,152.9357167311877,6.364326870514395
0.2787470740777533,0.05720169740352579,0.01825951837068393,0.0048030412903825054,0.007949940085483683,0.00955100195554074,0.025661165436322627,139.97992227948174,5.871599658802861
0.2788713583769077,0.06036195188494893,0.018339728305717822,0.004634418734898205,0.007072791721909889,0.008673586786437254,0.02203324258377327,146.16079164034153,5.911981559634095
0.2795563149305495,0.061332898891428456,0.016609592311874633,0.004515060418810382,0.006458421324877803,0.00798372039166196,0.023182838583215865,141.34795432297565,5.164633982631791
0.2821254918337876,0.05750619481978654,0.015660647447305304,0.004653974003990166,0.007084033139879294,0.007887169431237951,0.02574504552384641,133.59255426750505,6.505054287323268
0.2825330113508427,0.05939813551301498,0.020935202813986184,0.004768878556123618,0.0075428175828224685,0.009913083292054176,0.023214545882381095,127.30804853587168,5.361239682256624
0.27707074587515057,0.06203144931259305,0.019469058253102817,0.005112696353126797,0.006521626353702657,0.00998697095398746,0.02668231185676663,142.42052063663698,5.582807682314055
0.2747178514286714,0.05980531140134028,0.0168660009804449,0.004485776347891053,0.008253127564354212,0.008683205155703082,0.02212380497641046,159.47642256534783,5.4107115785900355
0.27908170122763504,0.06644821252863958,0.01740802141824331,0.004398411510431105,0.008028732100066494,0.008615663813026985,0.025097244768358593,151.54541332389402,4.886734767279321
0.27679141580112987,0.06254731268349284,0.019543802766996646,0.004396897384682477,0.007273404407326995,0.007534214476824077,0.024110720523990433,153.57243258332613,5.630766380629435
0.28452099127583164,0.056234121307079867,0.01706692286905184,0.005100312410902628,0.007082103276830434,0.0102862252915706,0.024170566540663605,118.93082350344562,5.507863550513724
0.2870217127051621,0.05793492089545873,0.01898421143975426,0.00451841558255133,0.0068539698858278925,0.008881647601382565,0.020525528372460734,111.37095748944921,6.548700046398022
0.27940086316108453,0.06064372512924708,0.020168661320753435,0.004956440012950799,0.007502523419822872,0.008314905402290441,0.025078858714498022,139.81576453655947,5.200795368941899
0.2821564189259205,0.060124314317259446,0.017009506463871327,0.00446646391620398,0.007394399572116861,0.010469173612383868,0.019657508404641786,130.3927772396541,6.82171385115288
0.2827005579273203,0.050145357059832,0.018065983406995924,0.004953990628156486,0.007435684168922682,0.00898594557326219,0.024640804018635297,127.30517186126606,5.62443776807031
0.274888168547634,0.06412142188567603,0.018394365164130833,0.004239624703759215,0.0070553306348297515,0.008803837119903391,0.02416355825450146,178.60601693587756,5.135796567800707
0.27340020758710815,0.06049049451485782,0.01926936885262489,0.004527646663000254,0.0077620641689115245,0.009305734772593107,0.024371372889550876,176.82500557432854,4.132556653754847
0.27501265338748854,0.06710952233562818,0.019816855344586274,0.004718221297382873,0.007464234833581208,0.00916529394896514,0.021969875295876413,152.75141720795145,4.076985005495416
0.2749465052258099,0.067109207436922,0.019731509049472292,0.004974282682094512,0.007757739409803379,0.009268679386006649,0.023425039334739273,156.57521835234212,4.111311707995399
0.2755259128794394,0.07187275327073077,0.01924686847262041,0.004726749485953413,0.008195303333423389,0.008746875533089666,0.021662221986486985,156.57953859364608,4.271232195016361
0.2825768359177574,0.055402671095989446,0.01753699850653316,0.0046041528119918455,0.006882115056382317,0.009442203281089027,0.027701323710489407,121.38416465725383,6.048359520458601
0.28173987152629587,0.06014561948232108,0.017316922334111865,0.004974529687575573,0.006750846217898832,0.009544482901056632,0.026768190939879234,123.61974928326552,5.953763272702783
0.2798657374362348,0.059534390207154626,0.016906258283362677,0.00493703243087112,0.007626321168462171,0.008074081499043042,0.020953216229697504,137.17893437254673,5.792138003593504
0.2816855803292579,0.057455394253815885,0.01874855695082867,0.0044374320143624,0.007273005919529956,0.009412849334634727,0.026258277645573723,130.3204134534528,5.686006414553386
0.280851907764573,0.05996756618176567,0.017431856266528274,0.005009660895835494,0.0073479481156190005,0.00852037496676231,0.02174621384087006,134.01339974539118,6.43436003235143
0.28045583808204344,0.058041560059683396,0.01672710997937381,0.004825276929066092,0.007818100113710159,0.008198511065274706,0.02340027049293612,128.3933064390576,6.2043024033842045
0.2811172107354859,0.05266115209966699,0.01606627476367918,0.0051533872776995905,0.007276846131187147,0.00878495321469814,0.023960762289889487,141.2985473979329,6.745971656279133
0.27809180720862026,0.05600941142666757,0.019384967100762845,0.004603718684379945,0.006868661450711878,0.009595905126045474,0.021409932617486197,146.69991736125522,7.289874522481651
0.2753892456790659,0.06527057037517985,0.017720113065579756,0.005439784411501918,0.007569709714774934,0.00835948962951083,0.027292165816821118,155.1357075044766,3.8272471005443984
0.2747797389724727,0.06459837548223551,0.01879443842825474,0.004423261728730752,0.007125661629810744,0.010652457101060178,0.021909093732557842,160.818132220531,6.7820848991085905
0.2767053190952914,0.05057712706315544,0.016244383612589442,0.004483394287728357,0.008000788646420743,0.008490434890281014,0.02663578062430712,152.81645022907207,6.028350096617469
0.2808428543999621,0.06882299382671778,0.0212324460123586,0.004779314052369594,0.0067988362145066155,0.009619061280814512,0.02173082159004962,127.11941989252071,5.402732027633451
0.28050803818138204,0.07097987001737245,0.01982596194362069,0.004969535705784594,0.006716239142056802,0.01022866407478501,0.018839014660932876,137.05238139145118,5.262434725426047
0.28158446836801804,0.07211403577341828,0.018769491435248867,0.0050031583432134825,0.00733183619466007,0.010329302359602405,0.02143355815569563,119.92339119897906,5.459972735489773
0.28043445720591187,0.07286450888913158,0.018298995234755755,0.004899090264106617,0.00692153896671758,0.01044349212093917,0.020102254410668517,132.52384328358468,5.139327103084593
0.2786913124426934,0.059052766657913265,0.01731668719132323,0.004206530894209566,0.006973826361493208,0.007496782200433599,0.023061200249753507,142.93406089311765,5.091762987993196
0.28137892871458775,0.05841432982876988,0.019083319967837457,0.005185475480875446,0.007677719266661005,0.01083582780204317,0.024975960102051324,128.27490504103568,6.2653549905207635
0.27900613326682755,0.05422898404629193,0.01958963399261738,0.004806180687637031,0.006514422511341492,0.008602122327577854,0.02271992590195265,150.14129984322554,6.249461721909797
0.27874972391461483,0.05525432667030066,0.017960999576465554,0.004705849968564307,0.00706440939866674,0.00845699154744781,0.025483253468799528,140.98146650191478,7.176776020836361
0.27758212231175183,0.0648488247422706,0.019018122653255344,0.004736875626825001,0.007898389012718339,0.009637671602390242,0.022910057866740465,145.29919728299376,4.918946514840698
0.27735157338141064,0.06108382745941578,0.018232667600614313,0.004299707177698724,0.008114300760167479,0.008110611704382115,0.024723789492474692,139.0715150195169,5.312233023727732
0.282283840971912,0.05819772355782919,0.018936201843342465,0.004552519920782918,0.007427572118557178,0.00870344337954834,0.0299419906422097,122.73294164427514,5.090601169176333
0.2825632879684303,0.06018901537893084,0.017609162893303883,0.004725563029996259,0.007184255290118905,0.009082335759299603,0.021731229916427865,126.43822596473254,6.831006611511497
0.28326894170645506,0.05016982078978129,0.018966053826681473,0.004768080113868357,0.0070899491695231125,0.008794437660903551,0.021998367358125968,128.38031752523966,6.7300514205802
0.2781904908277317,0.06338129213197198,0.017946407106335726,0.004379838563918079,0.007418950211464284,0.009895374403236876,0.028020308565606476,146.83323228464712,6.800847149165385
0.2805276978383676,0.05550347084463633,0.018721483845580027,0.0049510866427831535,0.006959857958821022,0.0094668109997414,0.0204690262210953,140.41466151529565,5.030976926656907
0.2796019646264116,0.05490658067519185,0.02003279236304365,0.005131738254200708,0.006861005875676971,0.008940700366284974,0.02240199300265262,148.09046609840814,4.846729412590791
0.277963475671258,0.05365937834600202,0.019669057907645674,0.005218519989027594,0.007361777979163013,0.008403155275792627,0.020811315062034867,145.8155441776457,4.84872151706031
0.28120573285533207,0.05401633757711424,0.01879841721595621,0.005240388937251412,0.007727892875154096,0.009891274176678296,0.028773317456772262,122.70572475053952,7.3016280574736685
0.2774833743192353,0.064490402207837,0.017469901473408617,0.0041994013110836954,0.006963577312279977,0.007998600370914386,0.019900282392741275,149.91435586270458,4.588180527658814
0.28134840657974336,0.06135389362979779,0.01911607229001857,0.0042624034328645,0.006870042018955406,0.008853729503852947,0.019847372579420233,134.94837937011897,3.8488225556196207
0.2806841661817782,0.06288980097747622,0.022421340395575088,0.005505164879294353,0.006961637335268445,0.009560506212716844,0.029350839012124985,128.84608378590366,5.535361461489918
0.2808908522036329,0.06748139119074109,0.022028949112146846,0.005121755959253261,0.007107979879448181,0.010309888500762077,0.020038620904774665,123.56577211846648,4.4850400099881185
0.2827951168481044,0.06054071820061799,0.023465446174134052,0.005382029467964533,0.007500470942505643,0.008769347359473195,0.024519019437526154,124.20913890476548,4.518938426315938
0.28207487829149763,0.058779120315761026,0.01602820575977048,0.004404121270091246,0.007015001123568572,0.009005629967660952,0.021697413763139838,127.47209027833942,6.843659818399234
0.2743573664014836,0.05982726326877111,0.02185585166415047,0.005021418322481444,0.007781965545275814,0.009338062621884136,0.027210805430689395,155.53103917107538,4.638091019166344
0.27319819531399087,0.06606486404768916,0.016077555381124167,0.004494356649694551,0.007436472713445899,0.009180528840231822,0.023171591106463836,175.58322387002053,6.0634521872906975
0.2820311288302262,0.06340884376916715,0.021980608930082163,0.005055376888415353,0.007432225179942623,0.009316002424594235,0.02510638726960416,117.73175194367579,5.169436713120511
0.28174110708815836,0.062333852270949466,0.02244655958609493,0.0048335713432280155,0.006582781843629244,0.009932089761910796,0.023976333190593353,125.74271499329889,3.9116229320496263
0.28188425164211833,0.06346516092002888,0.023225606658119388,0.005174479488791969,0.007046755728309012,0.01090620259169808,0.02316780830059919,117.4085414595032,4.301404647320894
0.2825512156570957,0.064758735916038,0.024836690453934378,0.0051347816827831474,0.007089682710298977,0.011288610168687499,0.024526550185589396,117.72169047625958,4.077435010261485
0.2776583861061839,0.06153453852125224,0.019407784773153712,0.005419079845918055,0.007580378229277471,0.010086402507206469,0.024389366795633884,148.3280477654233,4.038910205341122
0.2782518525315218,0.0615321687643832,0.01838617773583791,0.004161597898790281,0.008016828873047417,0.008255029660675277,0.020243230582516578,139.4866488421236,7.7858565995402635
0.27976622875395485,0.05986212576581473,0.01928171168203963,0.004398158153660411,0.008052054011035061,0.010287634523504768,0.023000710203993906,143.27871967593595,4.2643615084847175
0.27922439349273603,0.062415354900750175,0.018628336520122274,0.005428323133113167,0.007711074413132911,0.010689622852225734,0.02814768171492252,130.90440913691438,4.436504440489897
0.27639347317753726,0.05799353772729955,0.01792952770044487,0.004759610901264064,0.007344664889465533,0.00917881315929028,0.021773499749948196,158.90131371175963,6.796201477986034
0.27801579273844024,0.060750778246374454,0.018127008955309686,0.004946352557605401,0.0066335946901388805,0.008824307433784106,0.024296449782802765,150.42128344550719,6.10370851174655
0.2795848636133995,0.05649233868547485,0.0176896914916735,0.004818033297045975,0.007495263220935552,0.008410223499577076,0.024619377931488336,138.42547331322513,6.832305691185501
0.2779082831193368,0.055815145613788295,0.01834859630568128,0.005107796971224167,0.0074738528643409664,0.008087072350224822,0.024599566517094405,139.91152243621252,6.081291458542715
0.2787082628915387,0.05567130286406165,0.01946744423069301,0.0053866744279862985,0.007658457409673984,0.008192494995218264,0.02849703931170922,142.5004721884938,6.471997962979525
0.27959405608038357,0.06275867561761218,0.016928050577963955,0.004427173196997671,0.0071133322113257095,0.008940284524104825,0.027049197851792155,129.09633995119353,4.653156111758468
0.28413818007623204,0.06422085136648918,0.018137073405934758,0.004368946956582737,0.007324538836092353,0.008418104323064403,0.023966038649371992,129.27319679207116,3.8399769689728305
0.2798776266862751,0.07596570907269537,0.01910696728547559,0.004763943672465159,0.007558903026745022,0.00970214142429052,0.023887937196889017,145.9319517826523,7.279523785210094
0.2769232728199635,0.07248296236310171,0.019845053952749905,0.00480153922298838,0.007540862769817564,0.00941367831469125,0.023304550301309936,132.6221035368163,5.878463016399314
0.2739901896026112,0.07102900537274148,0.021023167997612245,0.005100747707960663,0.007042392756624552,0.009713113242469738,0.027011202420172478,154.28068725013213,4.5177093103741734
0.2759703350494637,0.06883421716423685,0.019618467266149606,0.005265005703702825,0.009136580531686197,0.008143992109313748,0.02331147642835805,153.9478737855047,5.046442794078409
0.28248967107015766,0.053741963400393035,0.017613941950972593,0.004428474640301855,0.006042493902229747,0.010007992877838722,0.023859404576166348,126.23333124835027,6.053208253511589
0.2780177196410785,0.06513647057297152,0.018932831697072,0.005112373435097836,0.008974320425256609,0.008205128113263953,0.023598682595826852,142.43235427588763,5.422370246862913
0.2802424621327084,0.06218530098192669,0.01948474400032132,0.004357377281307374,0.006914568187803595,0.010057478213452837,0.023889374629172126,128.9140446213848,6.698745127668154
0.28180565012378217,0.05867916548566122,0.017376165452875503,0.004843786240176972,0.0076955771521992735,0.009001999749936637,0.02255909691519728,126.01818532076054,5.364841160088154
0.28038353815804573,0.055274144682376784,0.017621998142151495,0.005452378374404142,0.007211734953708177,0.00992714972382006,0.02532786250427689,141.15874215357314,4.459660002367431
0.28134190917991525,0.05842291643592529,0.017087185015509234,0.004506324559608903,0.007426033807790039,0.008540725481501203,0.022247170949807688,144.60795153335047,7.408729835171302
0.27658403448620716,0.05748366239019056,0.01913253070800372,0.004733052748578525,0.007376949114181486,0.00979629170492664,0.025895716097507883,144.35885727975844,4.977017618733515
0.2801615175957409,0.05554352812173898,0.01611962173748942,0.004874568725380548,0.0071357412182366225,0.008180863336787775,0.023813702300553612,137.77070019859332,7.667486585225784
0.2803444851363662,0.05538406501860227,0.015954726603434555,0.004481851998071978,0.006768654429755085,0.008364282221726653,0.025289451256740113,142.79380123803614,6.276258517486739
0.2790511265770734,0.06348506890486494,0.02160545029115856,0.004901831472721937,0.008391714506783382,0.009902716409497879,0.022910710278625086,134.3161122539255,5.479376804276497
0.2812464933264492,0.06154042069385406,0.018987737544745937,0.004599063796513216,0.007847106816941073,0.007768217025535725,0.02226091261118738,138.95604115809024,6.174882071214848
0.2780706586487658,0.06395061406559364,0.01856437250051281,0.0050010350732603605,0.007670076340923401,0.00997118665608785,0.025230367291785977,141.27740201087164,5.099328420954562
0.2800540164505892,0.07179095488808811,0.01969702239872429,0.005561681771232867,0.007311637362694497,0.009998649767113791,0.025291465153699327,136.06683828140464,5.1972789019617975
0.27603070004810015,0.06864850525471293,0.017754830931256505,0.004956299514627265,0.006717252339339237,0.008932438746069998,0.023322497652244978,160.82492736060811,5.392973466429382
0.2753829336524965,0.06790765982644642,0.017580804995221907,0.005443351655983482,0.006876817532572464,0.008424718481076163,0.023759998924277635,153.76833344435707,4.989315575069895
0.2775087410089937,0.06338344384389394,0.018654863006730527,0.005181791187588144,0.006847788475344357,0.009022428169077772,0.024774225489172547,159.57756406773777,5.603982709406058
0.2774523579546177,0.06539548525824464,0.019505768003201595,0.004472332513510617,0.00828223033472331,0.009196849697280785,0.027194344646204068,153.38383296460017,4.5142792560460805
0.27976812193269435,0.05910973718103225,0.0166186049825229,0.005147304954564258,0.007532945316376322,0.009839549297784696,0.02123704641821617,147.81261709869747,6.847431097853901
0.2762779818486068,0.058679051755287516,0.017608116102012697,0.005019086090564503,0.007543108057429537,0.010467305085796307,0.021166754294641994,145.38236042959215,7.1149871887630605
0.27715514361368127,0.056938840102990385,0.019152148732736032,0.004771151399197015,0.008197739805716323,0.009429823117739357,0.02430090936014717,145.7801460466656,5.317607799634391
0.2823318220799059,0.07277836323213746,0.017520114622087534,0.004671056663151399,0.006800851641740089,0.00884828412510251,0.021994422876134356,130.98746949747456,5.085802691131066
0.27991596363385896,0.06416503897668402,0.01955879944810303,0.00452092564377416,0.007997667590507164,0.009040278036589636,0.025159612418828484,127.50306623631802,5.199057025469619
0.27839124539838533,0.056612574623811314,0.020161688535449456,0.004721072685415731,0.006805457132109991,0.008815732833109952,0.025873412816289156,144.39696589478467,6.345408042821937
0.2799654568986126,0.0567805406456974,0.017846414296166232,0.0057044335858599336,0.007285440444183794,0.008436018011992792,0.022660324374581632,141.14392673636675,5.289334515707036
0.284490881764629,0.0614011631363806,0.019386021223244735,0.004987232026020116,0.006153732514840404,0.009530965953225366,0.02364529670074954,119.20637584643954,4.157708502666285
0.27648991666121514,0.0659890100322429,0.01787421850013567,0.004863455655074886,0.008467832020905723,0.008464196772531334,0.0238356440307903,154.5631072107382,6.743569748344039
0.2796737689663713,0.053380798716123064,0.01887472796553852,0.004408626692013716,0.006280072146247619,0.009532023040147084,0.024394206530389345,144.01617844800663,4.723027353888062
0.2780867616615279,0.054025692632037985,0.019381738486467848,0.004726509221249255,0.007672048549382024,0.009606785774224778,0.025371259032878388,135.9434723527182,6.714006148751198
0.27849146769598054,0.06119972775758076,0.01674961187654193,0.004971544097545915,0.007550390209124352,0.009388802244544397,0.025132767636736907,139.2399004786938,5.9046480322395425
0.28680659986554463,0.056099112333082846,0.019175249466963536,0.0044844517663160804,0.006829711941854014,0.008475600796599266,0.02050550163251297,107.31608659183176,6.345133304033997
0.27785679593844065,0.05607948284239017,0.018914433696347554,0.004170570315140655,0.0075464467525920365,0.009824907666253452,0.02793736990210918,141.17221522828763,6.444592635668903
0.2836583170127532,0.05880134345484989,0.017401095665482497,0.00534623864931941,0.007117980000140297,0.008256836918714552,0.020112587165723294,126.9726042408841,5.597896449218801
0.2855003944634932,0.0589894187591808,0.016528598089139993,0.005099249056585515,0.007573491350731418,0.008066422907977261,0.021944070751889293,130.64636784269004,4.909698074558378
0.27655341538086614,0.061339571063757856,0.020945034244135175,0.004630529251231015,0.0071515843096252715,0.009561452014994642,0.02477579615251722,139.3534223811595,6.15273708566902
0.28203865278321183,0.05584475207679778,0.015956895371898105,0.004789074615940232,0.007746668086436133,0.008646312628484122,0.023351937515738806,138.4668012220483,5.794556194782139
0.2816443195961599,0.05357170776440772,0.016997059896847116,0.004988987781736459,0.007696798341555728,0.008555785757102701,0.02249319541010279,131.13460952737242,5.679889918263704
0.2840074630280157,0.056054050360012736,0.018286527979454098,0.00435114464932823,0.00599241849781793,0.009079848618120584,0.02111034972590709,123.49623300877865,6.589301652149816
0.2790782732620857,0.062004687608348596,0.01876035294107087,0.004751411181057945,0.00898000972720215,0.008181139045793377,0.02472004195156549,137.04875681977634,4.551317627548881
0.27657354579301696,0.060781314608117455,0.02450668038566875,0.0045572212745120496,0.006940857987208641,0.009741011242804076,0.025944110570013883,145.57405449470522,5.630997240299095
0.2798336089153418,0.06569160415571773,0.01986401770635747,0.004806578546146972,0.007874712710965275,0.00841502848521946,0.023480521193777686,137.18166247395948,4.437783146385148
0.28522737531263026,0.05501729832936278,0.016459649536871932,0.0043964082267767685,0.006789493709644935,0.009963702774336732,0.022250345285076155,114.61733702216488,7.497476790360294
0.2853087435748368,0.057369407846528865,0.016733797927587196,0.004383052558628214,0.006701188152042015,0.009584155357069805,0.02297701993385949,116.88540347590133,7.4528090252337
0.27904174474479354,0.0640018563895116,0.020023733007007,0.005028676268517921,0.008105201941294052,0.008561138730335597,0.023413473528115583,137.1559279854857,4.579586465303977
0.27822284161252236,0.060561920613107764,0.019690822974631775,0.0049886449782405515,0.007308670699458526,0.009367934323058678,0.02364053512181126,140.68254002134688,4.619770231213537
0.2788784455505521,0.05962332468286193,0.017499777506604166,0.00448705744298959,0.0074610347245296065,0.00886894761344571,0.025626235842492406,143.57726261918742,7.217673828391386
0.2795661921626485,0.058181704627014774,0.018779903310419472,0.004854760217029942,0.00688270147300956,0.008995099386208984,0.023181345541212376,137.53136995329086,4.740914994944921
0.2783314410760199,0.061318727173515136,0.020609726506121927,0.004504690010960061,0.007898297308838497,0.009586505403088825,0.02525901466149252,136.8719754990461,5.172340777771931
0.2830981944512352,0.06058693615844573,0.01814649277055499,0.005006617369084268,0.007998519531609852,0.009339119174014882,0.02388632908236625,119.40552940779635,4.796929031259094
0.27380758619222323,0.059672305827218886,0.019555621566501865,0.004650341225353174,0.007367336089411545,0.009264915932864316,0.024592255424880263,154.12046979382075,6.6044340032697635
0.27406596358496554,0.0607001915299783,0.02075209135332377,0.004608929257893583,0.007677303628049881,0.008902175399874618,0.02455973702757178,156.8532483975382,7.064058109830392
0.2839145240789618,0.052821195148133666,0.01721323309469075,0.004766570871703952,0.006868626088806225,0.01013061068405393,0.02538286090876418,115.10425191738086,4.3987236125997615
0.28671418643241176,0.05236556444064774,0.019102693011344925,0.005242023627967115,0.006534540520189428,0.01014455291379979,0.024739226672580293,109.85779475142975,5.1316548723370445
0.28495155161690683,0.05288189330669652,0.0178694095435321,0.004932509388436329,0.007050707411567334,0.009940042871895965,0.022715881217764047,118.76046282887205,6.604527367341435
0.28025879217488836,0.060065660092156206,0.018378933097468717,0.00431080775389577,0.007162680406018891,0.008261708021306987,0.02585448898207637,139.17857868106643,6.031754887899005
0.2812958141003966,0.06377667283757946,0.017643644126748854,0.0048624905331217825,0.007996005521648496,0.009821961611173925,0.0229955977968547,137.22031528245213,6.106733255993957
0.27896966159246217,0.0517883729185197,0.01801034047364175,0.004534784158145335,0.006601873286540442,0.008223772766873522,0.024645026192348325,144.51949577394723,5.8256946483430525
0.2796710957977228,0.05915557984759196,0.018202294804260034,0.005180746300669499,0.007506115115773312,0.009076171005146842,0.02255894314910118,132.13841884895777,5.7172863538557985
0.2794561647168089,0.0596006687083573,0.017802380444422748,0.005391180340376496,0.007276542440971157,0.009072338280886584,0.025978290210146814,144.97520725381378,6.8744406449456195
0.27980716990095755,0.05270067083807306,0.017193423381164082,0.004474084838870572,0.007716572734921374,0.00816515168184161,0.027125216868097008,131.39203572352625,6.227434730223511
0.2801223524783525,0.06577496274932472,0.017529701024111572,0.004141118572824544,0.006612960610560243,0.00871300157467741,0.022129501656226517,141.23922141764254,5.203923837941316
0.28088378818212556,0.057154019700075255,0.018281801508043604,0.004463928015732716,0.007641939906968508,0.008724369051464675,0.020042535636392054,131.25820382229023,5.883780078522786
0.2779632124314432,0.0614609184114439,0.01786411552646205,0.004939253659822968,0.007056573035111258,0.008345490166795755,0.02615623214324849,148.93835772422787,5.050996163885694
0.27702834386628045,0.06532544363054503,0.01662278049685476,0.004376580004562674,0.008014389160565367,0.009729396713020335,0.020000064939596707,160.46084029823828,5.858536506936552
0.27366743511259867,0.07049319017015208,0.018637436081349365,0.004476788556383761,0.008469188915326525,0.009744964929321136,0.02552610162081234,157.39596641460307,4.910183977248577
0.27482367583037476,0.07135961882601986,0.01960248892470301,0.004532203361198495,0.007718548079101528,0.009264261551338412,0.023982669174714578,164.43770645260304,4.911885601507348
0.2816920586790637,0.0547197668510008,0.020762674620484152,0.00522531168849083,0.006449290331107709,0.00970908229503405,0.02530777320615562,129.40774279228592,6.621354243310192
0.2830871642323135,0.052770501632467735,0.019496501139852226,0.004941433712261246,0.008248323602234257,0.008938828565606956,0.018754419021127455,124.28106223279725,5.929376449361925
0.2834791391853881,0.06624303214208656,0.014969776895467291,0.004978160667698262,0.007003436350620479,0.008666694940731383,0.022256136891708335,126.44484231637426,6.13577413390825
0.280210981765938,0.05443145166886781,0.01882505092006808,0.00410660926680023,0.0074584693571640845,0.009279880138589602,0.024177257100422435,138.80858214486253,7.751983043233447
0.27561161390387356,0.06537272806492415,0.01790395066279446,0.005493356934729459,0.0074198505023685074,0.008918599029873034,0.02443570792058889,156.80725628139402,4.800125767875537
0.27685541888757487,0.056115694390979576,0.021741705469972887,0.00498270270451879,0.007276618624377492,0.010101101348423479,0.022281923330411874,151.59062165125462,5.045058465169322
0.28144181854276284,0.060013857928412385,0.01620653724025315,0.004431216888679869,0.007405227154060228,0.008247147732788715,0.02638551607214105,134.18485707950552,6.547647417316085
0.276440680318488,0.05743528025615843,0.021049859843897168,0.0049910096936799375,0.0073262575036196235,0.009911140963825654,0.021902159819790944,146.9892237212394,5.584408333774191
0.2813076686837207,0.05666720425298029,0.01597215369809093,0.004958076632339184,0.007578942181050685,0.008231042198880895,0.024982471872385902,131.49769678524146,5.024951812771877
0.28189918648548584,0.051026168582606335,0.019378710908298635,0.004658862147381173,0.007134658205515305,0.009516010857611959,0.023456989266008307,129.8155624309385,9.041395299539923
0.2756596565147494,0.06334658761807907,0.017030211792441366,0.004998161724038142,0.007276748138428599,0.008750904104109886,0.025321370035484674,153.52017388891457,4.480347826065474
0.27485812302635915,0.0617526047910547,0.01926361504145882,0.00533321712916458,0.007590254542759463,0.00848382380984368,0.029784157708898428,162.3242060919178,5.020153807009513
0.27724961669854276,0.05753342444715225,0.01782099301703193,0.004123661821808173,0.007348953921179832,0.009312910844539952,0.02491208926845536,144.7751780108121,6.457646315953351
0.279897179659089,0.05900681844598312,0.021163575045544617,0.004769201246999864,0.008096143019426953,0.009308067174975867,0.023111589869774775,135.24377735922855,5.437059765129632
0.27897767406677376,0.05208558435893167,0.01808573712107859,0.004801318003304297,0.0085550052436879,0.009481566409964507,0.02664461410621318,138.9461922143907,7.796019569472308
0.2813397854241323,0.056580178700094845,0.017810813147821798,0.004487897254387018,0.007562153631703644,0.008470263308590867,0.024470508564585297,129.4770906691741,5.943295604573386
0.27976448819956756,0.0605412065347045,0.01915069668966903,0.005130773466122683,0.006554367837111104,0.009333617128608165,0.02467899011211413,139.1188512280652,8.042705295077385
0.28569984620714933,0.06299067516231,0.016290352729165052,0.003913026988337185,0.008123628432643224,0.00813638360015051,0.02158850143163842,111.13699936785073,3.801973726519635
0.2794050092111895,0.06489144669243298,0.018680611164047893,0.0055581236980097445,0.006984555464056588,0.00920710790783642,0.02299859445853526,140.06833655999804,6.129489049417669
0.27944478798214556,0.06168598943968677,0.017945650403004998,0.005098603034278662,0.00730418692780372,0.008915504896144125,0.023148715199417705,137.76131322915631,5.817884652053183
0.28088749040846395,0.06214506259438495,0.019358346475341737,0.004989281505031161,0.007107351866577711,0.00960853447548414,0.02197149813958823,143.3207039486334,5.6840026484887645
0.28395626399703205,0.05580480519026441,0.018203093261647322,0.004597095068655554,0.006382988152594875,0.009254047193347052,0.030020602419645104,130.13795437733518,6.004499796568829
0.28452411141026435,0.054198129367117764,0.018168645730462774,0.004613053546757107,0.00805245658703543,0.009126127127913504,0.021859740155271493,127.60151596071196,6.209983374398652
0.28378345982906217,0.06312823543678112,0.019006302647697926,0.004621842620764441,0.007593467586963338,0.009119127843303355,0.02237181882152713,130.79131858647355,6.154602575135045
0.2812859545355292,0.05672639526932054,0.01744647238752665,0.0048140734744857305,0.007497708354481526,0.008621524361603183,0.019904771066847106,126.76188385275616,5.744513276179014
0.2787421654900255,0.06204396467274941,0.017621029662926026,0.0043584097141819616,0.006958272970872789,0.008423089591262272,0.02502711782122285,138.140655677661,6.624499981158392
0.2813202989630603,0.05806254624905417,0.019506075726034276,0.005164014108395775,0.00767207833924374,0.009975298335154929,0.02478668868071882,124.31483933503988,5.4268804079088
0.28091907287066714,0.06373506637483023,0.018188119872962205,0.004570697940814044,0.007694183301748324,0.00847935054122474,0.023520867828242416,142.66166357813074,6.442447854134483
0.2799471619350946,0.05731067406093006,0.019672538608009053,0.004434061678070721,0.00899303707443562,0.010191691894096997,0.025169278616039674,138.64776917698657,5.836544053833443
0.2778674208997904,0.06602434814393583,0.01895114352958952,0.005321186678979326,0.006950660475540603,0.007633233973105798,0.020787580989917644,157.74130457766205,4.250850694022882
0.2780160242869986,0.06849117608694899,0.01983743280055076,0.004885205278875965,0.008471791856528058,0.009425725088732753,0.028166355118135936,147.93907951416594,5.50157375529453
0.2777857973595985,0.06158308813699663,0.016983620464968666,0.00459263557552942,0.006463000503240402,0.008653432973289913,0.01994569000287909,145.6448264867205,5.399287491003143
0.2840029940288055,0.06745743257045271,0.016678427267292156,0.00517875255028107,0.007772100411121986,0.008848744342822124,0.024740195555587815,113.68696913011108,5.3933235866612215
0.2751722950978289,0.06497726260020005,0.01835732967534012,0.004908522220382201,0.007495261678962124,0.009440011662869917,0.02843633276969334,161.5776248859193,5.372531707742521
0.2775931103719877,0.060058829936372106,0.016463309197508515,0.00488784697208006,0.0073244165853043885,0.008670902681108468,0.0307491461769581,155.31642501566816,4.189293319402401
0.2780029187866274,0.06502224861028351,0.01679983528132717,0.004936693207120512,0.00800889294473301,0.008577900272684916,0.02493685745039278,145.69918916625414,6.148688084836784
0.2782378696945829,0.062209170662767155,0.016189070983088163,0.004902048429473602,0.007194721269914965,0.008947510241381133,0.023270195901092697,148.4187144216669,5.893909153553363
0.27838212609291124,0.061975361780253146,0.01729242649652883,0.0044350073431961325,0.007099301252959841,0.008825019546986945,0.02626576952833296,145.25777889635555,5.344733926566606
0.2748121871504564,0.05951781008799687,0.019692978732604387,0.004733154855556827,0.00828605202600841,0.009758114756098887,0.023153165762112887,149.1409786962182,5.874385936351784
0.28285299617721416,0.06159580842970293,0.017204073541452404,0.0045368701923863535,0.006989133118352167,0.008217240086140786,0.02478744886085325,127.32323749633555,5.695144705016296
0.2788281249554421,0.055935192636135174,0.01854476129197676,0.004744733625240893,0.007486756441426486,0.009676115406971466,0.022504752935538427,145.99821564751224,6.99584366026783
0.2816689771474004,0.061980704229989636,0.0182917988753577,0.004776744276293748,0.00741085166325246,0.008414271543151188,0.02544269865205758,125.34694355787752,5.051550687764744
0.2845530763810412,0.0554072647594548,0.01753928825442924,0.004742865037896223,0.007513362209740289,0.008515299923772476,0.024604305113294832,114.46594133472696,7.828422745960671
0.28377660780512115,0.06171738520026347,0.017251904330658974,0.004860360671476665,0.00698013394694719,0.00916004031735295,0.02310474303979342,121.58008633577931,6.344711811272924
0.2840810797746302,0.06382956753725583,0.019475997487790303,0.0047623139923340385,0.007673547256227513,0.00843808251401938,0.01943239696541251,119.6070087487647,5.525164615067988
0.27354718377560155,0.05351244589634969,0.017224016018217898,0.004626316786266136,0.007127903634011343,0.009790005693013196,0.0299862337907769,159.61784491217247,6.235355801781016
0.2744710538467378,0.053166700493480094,0.01791870592284627,0.004749261661511897,0.006975906607913839,0.010533410345395629,0.02667398652880096,165.60499181262782,6.038284615049078
0.27376368516182764,0.06219128547435937,0.020380609153677013,0.005482619438291537,0.007407796680658509,0.007815469212780745,0.02337806407049821,162.3790529020561,6.707716860687093
0.2851735712650642,0.05573673116373187,0.016431850194076492,0.0040342418579574595,0.00730409528614586,0.010642483670581782,0.023147523840189164,117.15238446211329,5.192231291654241
0.2777138571766262,0.06249991990529003,0.014507432702945557,0.004523974399548143,0.006711892832840652,0.008670962580244163,0.03004776575958013,148.40717979333422,4.876675634633676
0.27885958102060304,0.06930821137432798,0.017057940913742346,0.004490706275458245,0.006532417462989979,0.008965353304459984,0.02201812647360009,139.30283950741574,5.239548960286166
0.27946409498066915,0.06712491525260862,0.017653930699705802,0.004399546358980117,0.007388093827960388,0.01010885402421877,0.028205471309053008,140.22221141508217,4.871128211918639
0.27831435165674007,0.06570400223618023,0.018307473986514566,0.004478278991887522,0.007363063709824892,0.009595614801629425,0.02845178190035926,145.7422911848205,4.7425140128589485
0.27431081053273554,0.055547597819246196,0.018376585258983433,0.005154417134298971,0.0071767786187782534,0.01106719559251898,0.026489249151295337,160.33307482660027,6.760463736679664
0.278341880658106,0.06068062886210967,0.019121053296319312,0.0043350480884287255,0.008126157159193452,0.007901149587974502,0.023551254669203218,146.581813888713,4.898185468273136
0.27611990851655205,0.0612681020130605,0.018835865308188746,0.0044863664123377485,0.00794201656723033,0.008015504762808781,0.022712880993337698,145.808604879803,4.698932113982323
0.2795202802769799,0.06587183941578137,0.017105080068193394,0.004818366513328981,0.007351341080441989,0.008180986508730566,0.021328091231036926,149.39679238151479,4.954336494083142
0.27981104843121357,0.06710403179364159,0.017409251895288372,0.004708797315046382,0.007142396575661641,0.008371194996307667,0.02041440677823506,146.42225799145743,4.297543857195949
0.2775241785089447,0.051247885883418,0.019024065349809483,0.004729104289515686,0.007437048095294083,0.009934297193099004,0.028176577528335117,135.32714686036746,7.702461824743166
0.2783432628102403,0.06647035524680975,0.019291577666436834,0.004547916851077059,0.007235788757645932,0.008918758155342248,0.020172846070018347,147.2541012228956,4.147471614778403
0.27835697868819487,0.06478810881707991,0.018973979218199585,0.004491932659462025,0.007688329602887483,0.009441598975913654,0.02033362121758509,145.15869526358895,4.04035478177107
0.27338333659383957,0.06374267075527343,0.02041181334103195,0.004363751573070762,0.007590690874880961,0.008950181818235665,0.020575474611753332,166.6899242648405,4.275610625855133
0.270846724529349,0.05734712294999912,0.01877240718619129,0.004639313511719333,0.008331200700703083,0.008617347399543819,0.02425220585193673,188.75648039400863,4.9095254391789105
0.2716701833478163,0.05128776560811973,0.019572620567710163,0.0047721782114056146,0.007991922997614198,0.008341210235307182,0.024234042161046652,190.14266726307918,5.029139751919328
0.28045785175609755,0.061814197357672775,0.016800109315891345,0.004328687996138378,0.006952622178697421,0.009610942370658827,0.02693464888653269,140.02745813119697,6.685965336905427
0.2759136237513939,0.060139308138416586,0.019730351823261476,0.005270932940084563,0.007472607953854471,0.007809185027747227,0.02352917302272217,146.70773358556505,4.756391395971571
0.27911159816566933,0.06635357007990798,0.021279182743811638,0.005506980334249497,0.007110337104142169,0.008857010573715879,0.023888405603033225,143.1476849902385,5.2022756969183135
0.2774346527645302,0.06100892242252152,0.016486948351792527,0.0041500535534066685,0.008020207023368014,0.009450872334434184,0.024030608766393853,142.67875225382696,5.70546941868616
0.27735100483306624,0.059093589457736885,0.0198223089582636,0.004917242541936612,0.00764377149349763,0.0103287765718202,0.023945610231730367,154.30238918179828,6.086457533581676
0.2788434252703219,0.057220740194318644,0.01890666192217211,0.004570827241160513,0.0075880848403811875,0.009926537898458945,0.023775072056325182,132.08656274619062,5.88490748044218
0.2785085541679151,0.0509132265073479,0.02127648815112623,0.004631609284109411,0.006993753427412122,0.00844085540364362,0.022958766865640426,139.99071583682246,5.313384625478294
0.2800385995285092,0.06607666886870103,0.015595082349523927,0.004553336564411314,0.007040001195237006,0.0091661024977341,0.0245362290727587,134.46265973981923,6.469936661281058
0.277626791024136,0.059901005670743704,0.019742165821334517,0.004942323103950833,0.006919422773180492,0.008813861636540021,0.022715924584810063,143.76947307136922,6.293341714740682
0.27908915542499674,0.05972697133097679,0.019299440210891413,0.005022949592825835,0.00695337533667928,0.00923263441771201,0.022931586262931746,143.33287812578564,7.171971048321723
0.28101478075598213,0.059555934708667956,0.018281499706472432,0.004457701393589023,0.008007924356217954,0.009366566715933836,0.026671914075634393,131.87629668418145,5.649230889696336
0.27472298000039225,0.06898197187373999,0.018396506582445807,0.00483967330055186,0.007357764052214101,0.009065190831893152,0.022349219022818057,163.86612451821466,5.517521632472969
0.2801596871289569,0.05700417657013342,0.017953158159769212,0.004307831271469391,0.007423891948734423,0.009466071186438461,0.02216335708427546,136.66939021902365,6.648363926161392
0.28116109129965683,0.0609258864894146,0.016592482744225135,0.005046632439000649,0.006869664806190593,0.009079195642303816,0.027206213273816587,139.89615637722957,5.849822425404071
0.2770950386318198,0.0638074613930572,0.01792200653462042,0.004651542819111083,0.006837805497241998,0.00975364954752703,0.026908637824662716,141.35681225439842,6.273982497854464
0.28364665158336416,0.0560812341834243,0.019635419117496288,0.004798712419906707,0.00742064677780124,0.009307726997550475,0.022140105351912177,129.16155528908172,5.2620162840014295
0.2813053354619986,0.059418426814034773,0.019014253610292176,0.004575342552473408,0.007396289153218635,0.008988738171182457,0.021519996302781223,133.55935764088323,5.405276620274772
0.2793788931480947,0.06358252858938711,0.017384306113759507,0.0051141313044140175,0.006952625197049921,0.010675062442083168,0.022960329175356516,130.73490276614618,5.364401321390319
0.2798775776178138,0.05535145445798181,0.01983020050366319,0.004430167751082259,0.008026367429683191,0.007683269546502594,0.023935915931608643,147.82833732729236,6.021880688593872
0.2790071940817553,0.062347161380971954,0.017275291133188268,0.005087176873138258,0.007149819774640534,0.01064147670182261,0.024218849703094604,132.8298059517811,5.5506680391216445
0.28314923761994243,0.0650659103069911,0.017211883629991456,0.00507095861872857,0.00735295839026901,0.008441910522260537,0.02319219277128598,124.52129414645874,5.549816593359713
0.2867806819995755,0.048911521174857885,0.018924554054162573,0.004928442701662209,0.0064875081359553905,0.009608748424813695,0.021045419252391086,103.7376531251832,6.131754911006624
0.2801969201794181,0.06944357063574572,0.01700616868940698,0.0048287245539776,0.008141545043145463,0.008205469950196342,0.024977657267026512,141.04474814602233,5.336546301991621
0.2833051242579282,0.05788760995478359,0.020111423841619454,0.0050968228317051535,0.006985397262753421,0.008207326020833789,0.025602225248324145,126.90641968499251,6.555841596313712
0.2812484423868357,0.05477115493291195,0.018996132688970362,0.005174524073087978,0.007263284549665013,0.009305708435062465,0.021210172561665682,134.7422920303363,4.857502798332627
0.2814520811036891,0.06441982637642926,0.018389953906297076,0.004483088736370236,0.007398032810024267,0.008568199368749656,0.024506206822970986,123.94354313209,7.077671554442778
0.2812010512930916,0.05904230800460694,0.019104760737640048,0.005033545823745704,0.007334154209031327,0.008917123861652478,0.02229022881035061,124.10671673945524,5.445109616771699
0.2815840220266611,0.05529290311328195,0.01828086551209475,0.005169259434169329,0.007829026305884808,0.008426863994046312,0.01845732062781001,140.9070665541407,6.565496933392622
0.2815367412620441,0.05651076732544707,0.0198257821610476,0.005363090012826587,0.008155039418143658,0.008667061734304607,0.0201727390103884,119.32150023473748,6.043514991230222
0.2746230278728668,0.05700813663309466,0.018619324114658244,0.0047128502768956654,0.008081113003486077,0.008438050829817849,0.025937912174162123,149.19458649701315,5.56251039868259
0.27415914947617914,0.05869788561084684,0.021272366205449315,0.0048202523024454946,0.0073172388672130455,0.00928789728520496,0.023402691552435465,153.56992941449334,6.14242232466078
0.27608331045145734,0.05279384916571122,0.021906231387335436,0.004370904844590485,0.007773268211227436,0.008935919174801025,0.02853309480149326,162.35692362297698,5.195065242655976
0.28008540130182435,0.06804641463933704,0.016127165596384153,0.0051973496973160335,0.006951677463674376,0.009633435299121782,0.02129721417544314,135.88006250721665,5.980529889827714
0.27958211042257614,0.07384738065767235,0.016890259102921506,0.004935457166953296,0.006772504154076055,0.008659810033009134,0.021654525255350266,144.38083795601563,5.50434854193708
0.2834704948646116,0.06171360985147821,0.021343690344113108,0.004561472707596501,0.007854482864451435,0.009393827945502222,0.02531901414430297,118.88140913405456,5.060472588379582
0.2806858756669168,0.06004145087780623,0.01926215839274353,0.004895372223086454,0.0072923167328936295,0.009705591042166055,0.02709248227540801,123.18386927699453,5.4635373102349325
0.27797609829828634,0.05753489694725678,0.01730364220620758,0.004567824479123324,0.007290610726013676,0.008494401088523309,0.021749812979430107,142.6330794326244,5.740948605898742
0.28428840203221434,0.06040552933882323,0.01884645955983045,0.004698298426141502,0.007462521575347484,0.009548734651419342,0.025427685610799344,122.54473192957464,5.9894109426202755
0.27581375755523324,0.06149580032076412,0.01826776775026063,0.0041595914594327425,0.006612008517283829,0.009172109324812442,0.023568658106938718,156.9006072577052,5.946826033308367
0.2832380996214487,0.06144094902701936,0.018724027015428756,0.004227075735847678,0.007385806812849564,0.00926371733914718,0.022226867928042515,119.35660342734259,5.161346757158207
0.28287894864288465,0.05944893471817641,0.01759840822948963,0.004458040878330202,0.006978928072491538,0.009376360200113464,0.026031859629499075,125.44305677798886,8.293115116040685
0.2748820914571683,0.06278525534013717,0.020829079703360547,0.004553015560706506,0.007349485132197473,0.009996113775948081,0.02790619388686506,158.9447650947997,6.342125532855422
0.27381919922490927,0.054665647804132994,0.01730950082539559,0.005028886725917444,0.007112022403502861,0.00947191032010444,0.022769225128308895,171.96788011347073,5.057818768950533
0.27684875238839696,0.058666615504876174,0.014290989586346496,0.0046835570155560925,0.008293073054064175,0.009062360714369885,0.026441585579058784,163.13447562878983,5.384821221411635
0.2818554976739991,0.06527676009104827,0.024597364397303333,0.004659229843828163,0.007022279092273871,0.009684582911693499,0.022198839694172908,127.27620781294446,5.550146141072174
0.2787460001379059,0.05536926210850646,0.020656492506469896,0.005141408353273158,0.007570695771615119,0.008431805762893454,0.022425832612878026,137.25773968970418,5.266188935338356
0.27912331537093704,0.06546976370795544,0.01684500319480882,0.0045238195601210686,0.007372843283762011,0.009735975508794476,0.025098633996180533,143.9442662832795,6.19457700541874
0.27942075335386146,0.06274556111151383,0.019377589861859567,0.004830569017898119,0.00715357642996478,0.010115287203926654,0.024425253541792,131.90097095286484,7.1593171220687415
0.2795537718224245,0.056239073191702064,0.01894445567760128,0.0046790398983995556,0.006751722410889856,0.009460050225254549,0.02300237336632861,144.30414446380232,8.535677216642492
0.28332007782724666,0.06003453135296582,0.018620032908128994,0.0046212717852684385,0.007646795178233343,0.008577501477211678,0.023349572035279667,129.64975686569187,4.401281061471728
0.2804727166299727,0.06152539504340107,0.01983103485362731,0.0043148819778726704,0.008219756478244685,0.008212487945811423,0.023858231240698045,123.96296143955658,5.2305215600332815
0.27015474394762035,0.05567691680856207,0.017061927597713248,0.00491623109597973,0.007018046467537882,0.009878708718824868,0.02387072081707913,185.1047497424828,5.630420635357427
0.2736345719138147,0.057643785316533185,0.019100974821666186,0.004254062524829818,0.007799492442255094,0.008701718852249959,0.02439766190863801,156.0805858679498,5.662933971066222
0.277257447907557,0.0647887899831681,0.018628222040860096,0.00428713620610126,0.007631692356337612,0.00842773234880171,0.026596937738426606,153.49292038198055,7.735247290837385
0.2761747656299625,0.052979052199455104,0.021845264692862968,0.005274010989410455,0.007992797336213988,0.010429065502623541,0.0240253827001594,145.96833484321232,3.9361453848004206
0.27537317306539283,0.05425984092186937,0.021090908204745885,0.0052819596856861235,0.00825912402290719,0.010324067962302137,0.022634532967854414,145.90232006342535,3.7357022835552103
0.2777704784043317,0.062448042261829775,0.0181951558236301,0.0047373681145574074,0.006114886619154156,0.007954826701372809,0.025011033860647996,151.70951560911698,6.223507433016163
0.2779032420925067,0.05923413063845023,0.014709615073069376,0.0047175547224680625,0.008244465310106454,0.007765578047166749,0.023159189932937984,147.7096370131803,4.810320279927041
0.27709686467066663,0.06704249326506191,0.01667693725761001,0.004595625990949082,0.007975094972423586,0.008281605224239465,0.02154997168730423,152.71688024118848,4.982140425903889
0.2783785595769402,0.05370813695434567,0.019529282311516225,0.004993951035581735,0.006806129585674258,0.009413700811596159,0.026397786408816144,142.7967505092745,5.965864478403579
0.28016209183622826,0.05300526787938597,0.019046475022015667,0.005258408607757252,0.006861527802190779,0.00987390514091619,0.024772517796895727,135.08757325076854,5.8196601427556995
0.2737504824435792,0.06225967589094617,0.01714500197201989,0.0041109642249072586,0.008069296013957674,0.008454116183318736,0.025214977842737806,162.94624976142842,5.522802424077001
0.27341762480474263,0.06078215206094238,0.017338936129862245,0.0039729054195610765,0.008439208462505156,0.008461216265794581,0.024861500089994566,171.3128594783988,5.009174997561582
0.2855500495708619,0.06313759118487518,0.01615728110041115,0.004949483844606075,0.007412735618369222,0.0076487308536845626,0.02079294855219239,120.08569863630218,4.676424156009221
0.27595557345275495,0.05474322811136203,0.020206585102503997,0.005174113094979886,0.007512792952025015,0.010742752274707851,0.02666327781969892,155.40233888960546,6.439588607415504
0.27474933130294804,0.05618720046026959,0.019093916022635396,0.004998464135650572,0.008277257443763997,0.0082058530493004,0.026443438154960586,153.04698455141218,5.103249905618608
0.2750677496730942,0.05358461594527202,0.01893710968690213,0.004929335497431909,0.008072722220310854,0.008838321610843428,0.024619209472981473,163.07302912022521,5.157230762751725
0.2813147623687353,0.05962210393403311,0.019471381685539954,0.005164754580435613,0.007239287204347049,0.008869824185081442,0.023767667167333893,139.04085685008914,5.583316198249776
0.2843631847323596,0.06613112580909586,0.018242736069460908,0.0046676606941467485,0.007723975085330746,0.00932766963549847,0.02601906760232552,116.15363086927104,6.670078443364444
0.2812941755742816,0.0640911296285685,0.018963096308868322,0.004928429865469602,0.007436474227924035,0.009916081927880335,0.02214382872490058,120.7847291728038,6.362718208108293
0.2818354012824745,0.0625599782676712,0.019205352139106097,0.004401353267714675,0.007589619759842313,0.009102926593175582,0.020813802155978854,134.0510052682867,5.892885489191139
0.2796575671960603,0.061040055292316764,0.019957109905043437,0.004390415346198162,0.007662885470843977,0.008944188456894087,0.0253104618487951,132.98358701869054,5.80340574666653
0.28118922432018373,0.05624058582723213,0.017984093388541608,0.004443480653519733,0.007757513425556453,0.008614199043158948,0.023268194488035156,133.16928833100562,5.691052828833035
0.27838832649412515,0.06845182776003915,0.01887803112284335,0.00472627607222254,0.00813650127017056,0.009033015609378501,0.025174723755178336,147.88197409918104,5.942252505735286
0.2737647806437112,0.06618868322854457,0.0207718502906557,0.004668736361781009,0.0071769536429125225,0.009003179096584386,0.02634082373382911,150.20605545535733,5.767173536764389
0.27672523654195325,0.06575112089337655,0.0201747419642862,0.004478663296791379,0.007448415382359355,0.008516305039712147,0.02405638245575257,142.86968380917958,5.808421454014855
0.27672523654195325,0.06575112089337655,0.0201747419642862,0.004478663296791379,0.007448415382359355,0.008516305039712147,0.02405638245575257,142.86968380917958,5.808421454014855
0.27716607677724564,0.06668562692088127,0.019670079747970012,0.004620083339383973,0.007356788585794825,0.008534996647681281,0.023011737813051332,141.7401156662396,5.6872169224012445
0.27785412123025593,0.0546591101768079,0.01564259461388107,0.005035699987597042,0.007610600347329733,0.010185086501600202,0.024615107144085106,141.9575820244024,5.912628840893524
0.27669961162126006,0.05645274252782415,0.01770095679861459,0.004704435730264009,0.007883422451122593,0.008536492368610562,0.025923415196820898,151.11702856226105,5.1873027873993545
0.2809158544208626,0.05278948267123117,0.01949838981495877,0.00459130644288994,0.0074885995517376585,0.008773196519243727,0.025877545682517284,135.10246094984186,5.8321909820856295
0.27447111082933345,0.06948044496022686,0.017159498545859412,0.004819763864828946,0.00776611800724277,0.009499845352669723,0.023179510657236203,159.34022206219598,4.922188435716776
0.2856880030780565,0.060537380882503745,0.015865659707070143,0.004630670113778735,0.006940326304565021,0.008665987842946735,0.023324179801167595,112.76326449738794,6.471839021631635
0.2824083900849663,0.06032508467016774,0.01927300401261079,0.004637185072038046,0.007124862699729949,0.0076569223390977,0.020955687315444452,125.97364415377996,5.799310720734287
0.28190249856297644,0.06330372084629156,0.018065183942128298,0.0048879618712038,0.0072646249774207935,0.008564409171590126,0.024634665206530914,122.9583901515132,5.505253451122084
0.2813303726053022,0.06121718395480485,0.01695864005175852,0.004449087859002736,0.0069200004459835235,0.009878180731067616,0.024666162383122782,128.71290570469307,5.124816263864798
0.28703774318930586,0.065804935894556,0.021964241419754536,0.005651791803703591,0.007665067164214506,0.00818156784269699,0.020401328884475253,116.45438335681861,4.024747479314939
0.28061120787799365,0.06804626483024712,0.01600266788476274,0.004714905682457381,0.006002363485095998,0.008987446589897422,0.025297375969343373,139.74701255023848,6.4843588375466705
0.2778737022149057,0.05757404015975489,0.01824329392418927,0.005508977235463456,0.007162119111568827,0.009712104761052498,0.023003176958370602,138.67595492382202,6.645033774090213
0.2768687229039721,0.054918024948402866,0.018498253234416336,0.004501970731395106,0.008164651377824468,0.008247559346519936,0.021705985198411305,144.52873096030146,5.092324313151359
0.2799662831466222,0.05516056464767029,0.020024651517134083,0.004898403723319237,0.008679044432981736,0.008954789988839272,0.02208657767337536,131.29812769289185,5.591532923343067
0.27926482235049127,0.05609067427247206,0.02054230510303594,0.004751772872759417,0.008938076344837016,0.008868925567352658,0.02057349586706928,129.25391713767593,5.914558809025879
0.2791099567412468,0.05755145216953223,0.020362465632293898,0.004601599425988494,0.008913561058528127,0.008759144379193482,0.02381795952979099,142.6193333339769,6.7050727772983105
0.2749698130829363,0.06465036132726551,0.01839090566912747,0.004848330678496656,0.006354913603349241,0.009580265893419836,0.028514344268649402,159.7818234459304,4.538512662142908
0.27705017293049183,0.05342839922385992,0.01966842257288889,0.004388935634173119,0.008890034205514003,0.009150758457787653,0.021994904569483085,150.7905112811119,7.1357125714343095
0.28124157906684405,0.06166352854157714,0.01731118387791801,0.00445181122701057,0.006737453543814388,0.009337598761130952,0.02398095233437591,134.49956058163093,3.97523169248766
0.27747352581900114,0.06246225180624203,0.0181270979641761,0.004147205165828536,0.006468131096241028,0.009058607784082535,0.022015203575436036,161.31347771883497,5.563478975138305
0.27730322413138975,0.056019074388350326,0.01793339446650369,0.005267641783116064,0.008804217352796349,0.00908329816039967,0.026340531577698438,153.8403634404079,5.954713000823173
0.27910698814124396,0.05659165599026941,0.019302877133337892,0.004757523057411145,0.00715634372484067,0.008966924339458698,0.023014055947593426,147.07580487517203,5.5723075200142524
0.27886150863836207,0.061796279853915496,0.019972416534934496,0.004898610855452746,0.007230536104044818,0.0109800455128325,0.021340135669055862,149.56727086599273,5.073668336585078
0.2767045818382342,0.06886405135513227,0.0199886094461686,0.004938900625426156,0.007069609292692269,0.008476289115491333,0.021989444383530284,151.5829707855311,4.75693250428697
0.2758527250537898,0.06088331289379534,0.01794349027993189,0.004847386268196001,0.007873473428373256,0.010169840737038794,0.027807194605226557,152.98520544281143,6.0758317136770925
0.27570301385389506,0.0663058109017744,0.019286339816565804,0.004528580917339181,0.00864333320512953,0.011250247183860824,0.020693216661254107,161.52782044806304,5.346776943870916
0.27771495986036826,0.05328367575134094,0.02145071904397198,0.004500499475205538,0.007608441391308374,0.00850636038365981,0.02879143869487023,152.12557463819812,5.147776026047787
0.274887451590982,0.05241176533233798,0.020743702027307215,0.004885595092965574,0.008030039696182767,0.009202907847053101,0.027161610335519906,146.58968228240715,5.159300210288093
0.27544489189536875,0.0610688191718302,0.018403180325003664,0.004998132117378664,0.007798328458341202,0.01009632710744562,0.022581508941735856,147.7709065007213,5.405861722403638
0.2759273814871267,0.060240210016079834,0.017659407703977656,0.004670589470442322,0.006610422186914721,0.007899097899076123,0.02886180067671141,155.05346211383298,5.029522682739664
0.276179632266589,0.06295866800210607,0.017161206994082873,0.004456634070689879,0.007194125181832124,0.008050693548352904,0.029696964457681236,163.47551423890246,5.0464496047133505
0.2838427147655287,0.061279758016904905,0.01808055242690893,0.0047633532647794,0.007657385902285516,0.009412436436078957,0.018767116591436334,129.21986443693044,6.30426862048117
0.28437975491916706,0.05480946781081453,0.019157649194161522,0.005346313136318038,0.0069381144473873654,0.008796910717058588,0.027553024080968005,119.19627612086435,8.492458272684244
0.27838401749290964,0.0665558508377154,0.015876907772101836,0.004289132154062648,0.006984400553430689,0.008923880043698658,0.025465062071139227,148.88248624571605,4.45452989277768
0.2763569586363864,0.06259326395267259,0.016958955962236538,0.00468311185916934,0.006425363272713675,0.008973366088094667,0.020469379454835446,153.88608681295722,4.5838869873613195
0.2769674884840769,0.05954980246595773,0.01888377096992084,0.004680668706468975,0.00817186891770133,0.009544773868420505,0.030312360559134482,145.6701132539822,6.786175992042567
0.2786863331524182,0.05738508031373218,0.017582617165332867,0.004784803676222529,0.006715556890605247,0.008794342147465842,0.019498260957888425,155.7677552317017,4.903957892049051
0.2800691728732207,0.05903254882439602,0.019698152373844514,0.004836037225689426,0.008345439227572003,0.00932510772736721,0.029352346835743042,124.59853737601597,7.062443109778101
0.27995878233289234,0.0529248660680861,0.016288365402040372,0.004622529479820017,0.007190528181401983,0.009015899439827089,0.01908556463686963,138.74722246639595,5.719258090058021
0.276824524081934,0.06637842083614805,0.019623967602392208,0.005069814167569594,0.008677999779526711,0.008516865270803163,0.026693348554355855,139.7715235335396,5.067027555261793
0.27646864755315737,0.06715805902277729,0.018294470018786164,0.005303224993101126,0.008431966029589205,0.008573621683063488,0.02616983930343499,158.77427848660665,5.506101932380737
0.27563274562407486,0.06577186607934836,0.01894437988729236,0.005195860890179133,0.00822358933611212,0.007895459294575415,0.02443472455269574,149.84653229643624,5.287969808356284
0.27681049764730503,0.06110769695011884,0.01938605457863928,0.005090929719951095,0.008895374064665312,0.009609940468875224,0.0263703467713977,149.7371714196586,6.670650627019475
0.2779552833421997,0.05755443522200112,0.017511004660255566,0.004356918462064324,0.006216275661143776,0.008836314026306542,0.023381584717846085,149.04797415581214,4.668261132386647
0.27905241432982486,0.05813485911143825,0.018222104387065178,0.005195973566349622,0.008941614147496266,0.008756981816318864,0.02561766924800659,140.28636433176612,7.158230423445081
0.27709838748069804,0.058609382124542295,0.018887141878967197,0.0047978627794004625,0.008105162957341585,0.009223926441734226,0.027858714108978083,144.98689644078334,5.263866474127493
0.2797292805189829,0.059112399900306714,0.019256127780280616,0.004678062800653049,0.007590625620726457,0.009312528713955905,0.0231135596521547,142.88271063710974,6.162640680206645
0.2763694589340779,0.05810670022687205,0.016990721874716147,0.004757304766676159,0.007270858375372813,0.008775991821177427,0.028368686081625828,143.11108923339702,5.378813173332344
0.27689398440627755,0.057613236897219776,0.018385870173310292,0.004706318267071611,0.007821440289725066,0.009956750638363255,0.024661422119256263,155.42230232743702,6.014268364802306
0.2827195138821322,0.05828918870164654,0.017306231515115907,0.0044927792876535925,0.0069286039214903365,0.008040265557642845,0.0227049757668353,124.9370159248688,5.623217746307988
0.2841146111315506,0.05667003950195964,0.017730723305376467,0.004549549373848286,0.00657128671544616,0.007864309188953379,0.020208668373603182,127.36063598491418,6.3066599170209106
0.28161736450692726,0.055610230195008985,0.018969124146280672,0.004647509289173493,0.006930186552435265,0.009068663694804375,0.02540254546599938,125.3539781158892,5.51550437031233
0.2770773666493753,0.06690782943406594,0.017227909411335042,0.004814307069628201,0.0074428991594781505,0.009342844900853069,0.02353351442909896,144.13363429390034,6.584697858600456
0.27671222495145215,0.06304437801067489,0.019808954061834253,0.004764102212988374,0.0077915020727197856,0.009110888111884357,0.02341007730358537,142.38810684600693,4.744482097117475
0.27552143510654303,0.06474880496420579,0.016195088498995952,0.004664324798762741,0.007534481715092993,0.009650428303474089,0.02496247760404811,155.38121766076097,7.1516203917227905
0.276062751016432,0.05696866066856517,0.020788679872855688,0.0041581984283471825,0.007323247014543109,0.009555835881500843,0.021603031297231554,151.48172775568648,4.788814686409148
0.2763781801912743,0.05951290692644687,0.01744141868515698,0.0048513964372535,0.007734859171924651,0.00956037674313082,0.0282596981585164,147.00734975348055,6.95701408021005
0.2805669125513322,0.059633300637255776,0.021039290438769214,0.004968844752569598,0.007486873493589887,0.00885968213738338,0.02102579951910093,132.9160139535008,4.984794689438127
0.28139278081469693,0.056226085770173136,0.018971746591874852,0.005115317406477482,0.007102989025556599,0.009481374411904085,0.018543743943099763,137.51628077314194,4.962352754828439
0.2864448037327798,0.0675549764664562,0.01731842579086844,0.004504223073538687,0.007305785183779449,0.008221325677873717,0.025594867716348987,121.93633682429423,5.677023254153109
0.2817918266701276,0.06833660802384374,0.01756746416950449,0.005247556604680863,0.006706529118720212,0.009814321561910675,0.020479401777469163,115.61669314326382,5.223422372198057
0.2722524532448278,0.05867972572199823,0.020894793111502608,0.003985894406248483,0.007375197171384028,0.008755960047943434,0.024803493518838836,167.8019834119055,5.302636445881533
0.27536335874279533,0.057565040698940216,0.01594204810834288,0.004930932368262264,0.008387218015089869,0.008449777762008299,0.027971845920363662,147.1173103120929,5.445993019914574
0.2798420900540507,0.05954256922619196,0.020624299253624172,0.004417963840443528,0.007335071350697724,0.00926801202156012,0.02075284426052506,132.38747426507226,6.301975652568123
0.27992562427102113,0.06357567391378786,0.018693912310123757,0.004834899549057059,0.007416077109951639,0.007037224215376509,0.02451891174856788,132.59103568857395,4.593537030298274
0.2812942139236048,0.06324227675043763,0.019807905304721533,0.005096803546636069,0.007668972363199528,0.0069857917132149895,0.02627281103519761,135.7484953720304,4.2236983267645325
0.2807679157519038,0.06219818762285611,0.02112614294441452,0.0054310050785929005,0.007374568253340927,0.007525616054025853,0.025521992041068014,130.86330622518426,4.626246584723813
0.2813411337797974,0.07011099561147259,0.019941655287252683,0.004782924996069514,0.006543898324088104,0.008642581400724623,0.02852445190460006,139.83537193581358,5.593295965267219
0.2776418440931922,0.06394267771511578,0.019349443885529238,0.0046912270213357345,0.0075036988810273965,0.009944936863548838,0.025565265344640823,152.8351143674908,4.903094444394723
0.2755395913389582,0.05475082936356326,0.016689274723282084,0.004370364049406113,0.006584775206578936,0.009558272508832157,0.02750245645392897,164.3101500432161,5.853781624319475
0.2758653586438336,0.05979215997614477,0.017693445084927942,0.0045612414160315605,0.007993172170337227,0.008618783702962634,0.02466317472852207,161.93047680978484,5.5486874837783535
0.2740405456698152,0.06118317346434576,0.01642974464016263,0.00412658926775617,0.007826534351230954,0.00905636564700893,0.020234144742777602,163.53948615174926,6.325254202922476
0.2757476873317207,0.06354111170613252,0.01997065830487525,0.004432562526829471,0.0069108981311995655,0.008363340059558227,0.024139736766477585,166.28651961751453,4.561803482891259
0.2825153369008452,0.058742858179346914,0.017708811869512703,0.004969881859651978,0.007786722242822968,0.009716884396282502,0.022845474431478278,118.84274044256276,6.87855742775121
0.2789201289025962,0.06468444259830991,0.01990263506566834,0.0047647619686899375,0.0069858814394316,0.0083805232894259,0.023941455240434194,145.71535721607725,4.546687681925064
0.27692493423054115,0.0632055008822476,0.018881725340227876,0.004419613647826464,0.00756172817322922,0.008417539924338845,0.02543851753377089,158.23135391724517,5.401899713174331
0.28140166169470054,0.054443997977597774,0.01789220469543067,0.004955330712164634,0.007151890181568499,0.009485772177640517,0.026317933708802033,122.87669220758747,5.654383967548769
0.28092496328279354,0.054418952409455906,0.01825701074580282,0.004781017227254125,0.007606878738963617,0.009587825557713772,0.02354157002185947,120.46824058207223,5.325009215899579
0.2810952491734428,0.049063914697634985,0.019805142173271187,0.00486613492285041,0.008201480003631465,0.008822632029910314,0.0234349553221633,134.2434605186306,6.349044347034556
0.2789542499374377,0.07522160895122113,0.017246278581330154,0.005099892618468377,0.006676376937135933,0.009205239977255177,0.027709139630838674,142.2671144049021,5.073804337200907
0.27885926026442226,0.06275308274624239,0.016646612461872445,0.0047538592129015116,0.008409844507709254,0.008252211942071794,0.02035975580455287,144.4702515786277,5.181155512849807
0.2807985435257844,0.05781705014803507,0.01691743578004208,0.004616913671246432,0.007766588086735069,0.007737312445847244,0.022454817260975805,142.67133291264963,4.397419039803047
0.28074606085003434,0.056954072732274846,0.019541944351503738,0.0051079724637097665,0.00644536013488824,0.008657459609399613,0.024849713212123672,139.91983802863734,5.353165418352188
0.2790837242932656,0.06246323390359232,0.0179925083053962,0.004724782150587378,0.007457327152956801,0.00996497998094999,0.02679664713272958,137.7839115399069,6.026234574403534
0.2761376559722594,0.06065357739544551,0.016687967186014972,0.0050084715656606325,0.008399582371935218,0.009488922198670587,0.021115108442336238,163.25206802727905,6.101949050678098
0.28004253852797956,0.05478509109700968,0.01779390418380039,0.004818088125616779,0.006994760891456216,0.008323681378904126,0.02924053191807709,148.5575158067452,5.446555233471569
0.2808224109681621,0.06032542512520225,0.017240557444597276,0.004513857541201507,0.006621840035217231,0.009590593807939932,0.023729520768415675,144.30517485459265,5.95686176091987
0.27620468740758003,0.05794954431616961,0.019164699421404134,0.004751147527368341,0.006700040839319597,0.009162372008243533,0.024593928863617425,147.52121141918815,5.975477326825839
0.2759607892151626,0.06710233790741402,0.015541715364242443,0.0040840913540948435,0.0075526551497697055,0.008882316106876294,0.022580453212341534,150.46259367102138,6.191522223773872
0.2793093525006877,0.06492371816016668,0.016649228851336437,0.0049006049475767465,0.007314112932370338,0.010141011345279866,0.021945778124616767,131.60288039446215,4.176339660161766
0.278888744873314,0.06977311573415772,0.020095469947436773,0.004562484798575274,0.008047515437388186,0.010951656724969984,0.023821466405927978,145.6772855314236,5.597870578408942
0.2810977802442514,0.057747964340789104,0.017139700744057546,0.004831383621267123,0.006952446749417318,0.007594900826622997,0.024473870112953225,139.02881728974646,5.515648589440163
0.27753181364628704,0.06006802706545437,0.019315430207423965,0.004629475673342877,0.007840722667811557,0.010763706517593865,0.022747309710783637,138.85093701676405,6.368147089265721
0.279503422231241,0.058777338689672345,0.016513559371837214,0.004807070442437824,0.007366601760338103,0.008201011939538776,0.026320357769092383,137.53264952117132,6.70619059321991
0.27855438278261985,0.060202088790817274,0.02082284690851384,0.004735011869429321,0.007485796104964231,0.01000479414205633,0.021444533871019137,143.19811074605835,5.429136489475776
0.28109210328370016,0.05439152620752925,0.01918363823556426,0.004483813240304817,0.007636972409763668,0.009038083941571788,0.02660450165663623,137.86414863695757,5.70891195686894
0.2772904465420462,0.05312167506660089,0.020040974728335898,0.004711699885396775,0.007219440782087023,0.008964457927549813,0.022541521424333556,149.51666715619848,6.735898142193149
0.27713858819867904,0.06213866367304856,0.017621652832398974,0.004592393452451635,0.008682630703481182,0.009282176036251533,0.026684515960758205,146.35277904090606,5.397710582595668
0.27665910855269227,0.06848293977313706,0.01896921131992311,0.004431733895161607,0.0074055000607842125,0.008185155200288802,0.027289592087633652,153.1790827800192,6.270675320716891
0.27663507889303646,0.07325043739537214,0.01888235452101174,0.003987353137571255,0.007265131712269748,0.009037282555805413,0.027911535229531513,150.1496179292086,7.148766334999564
0.27523961180639844,0.061752070459930676,0.017923119481060873,0.004697824942347545,0.007829040077642607,0.010475029519704894,0.021198182218157422,167.72709516936774,4.440607908427829
0.2740156408494293,0.05796458949869126,0.01936278236358352,0.004815232333972675,0.007791060088048251,0.008681599169398507,0.030246471814149422,163.68985482563033,7.191864616033434
0.27296801270066723,0.05936920290448119,0.017626068490652055,0.004810655591942671,0.007151546534899237,0.00967628360667154,0.024468991659749983,173.53363249981737,6.934656754660427
0.26995286091180853,0.05852802120821843,0.017450445648837486,0.004777275681432035,0.006654519954221656,0.009236807741525091,0.024078243542761918,176.93949641209431,7.3847084832969605
0.27713708202701887,0.061099625777943416,0.019105439238768833,0.004653519256179139,0.009277116694700945,0.00887489492223667,0.02962726589993861,134.82600253894256,4.84090215049647
0.27681648734370345,0.06548677257561279,0.017349295467744493,0.005424986497005603,0.008166568381909682,0.009935324628078657,0.026458770712525097,155.00607419928045,5.595629943918059
0.2811539835661638,0.07024946903384476,0.016014236795633244,0.004822631931146687,0.007622692569622145,0.009465906161234338,0.023844220854687563,119.90431599402835,4.596597279448695
0.27452075434770573,0.05072936099506289,0.018588044817066184,0.004585167631503618,0.006491521731333911,0.008583891045917814,0.025070830500539976,158.65929719994438,5.637209213975588
0.2845398606341239,0.06474285702935491,0.01720829945295242,0.004511365205041938,0.00780791049746905,0.009486135994044607,0.022393078474081948,123.91844297347858,6.1816363556570995
0.27739164236846564,0.05014077897249382,0.018846127243427352,0.0048380555997987375,0.006893625077599062,0.008567634495162142,0.025362718959026868,142.63093441728125,5.823803830337965
0.27941878052176033,0.0625514973629017,0.016075197371334168,0.005217538580431296,0.0074418718968864124,0.009503239355336458,0.02536378779287296,133.41184122736945,5.711807498277122
0.2780166608749072,0.06280223836713797,0.016997601069839947,0.004527680998153866,0.007508055373578361,0.00923986324842285,0.021238607279085026,148.98751455923525,5.769229578900344
0.2764725175531494,0.05701676829561082,0.02020483134594536,0.004934130953796364,0.0075963360124265645,0.009118975915415706,0.027450951620216248,147.2159329097788,5.805710537184678
0.2793998538780779,0.06149773441966086,0.015948762068331332,0.004902558386753358,0.007019940179148829,0.008609075474667757,0.021731337006910885,141.16349227810093,4.2248954633415075
0.28121723952399336,0.060480520081986025,0.01982323532364383,0.004985310203461513,0.0068399507456903185,0.01002929676863341,0.024212313793054836,128.97126582709947,6.0019000642422045
0.2794041159186986,0.06013789563056695,0.019569381610458993,0.005225245965345505,0.007855209428754707,0.010038470443011187,0.024588553692470237,134.87847974983302,5.345389001337892
0.2796543009076311,0.05937402192479586,0.01746745784324884,0.004416093058341796,0.007010635910458468,0.008552385779728805,0.02449584749360404,135.57695910734085,6.143464297074226
0.2780900845865573,0.059179144925030965,0.01729563146879313,0.004445765290718597,0.00686399881566096,0.00859421786944187,0.02437545048027519,134.27258995176595,5.748689871292413
0.2783802864296627,0.05288568258805258,0.018332183689001677,0.005281457821352141,0.006448003765545248,0.008177367344184927,0.024912803087570434,149.8091706791549,4.739885498760787
0.280989568753147,0.05815890900159028,0.02091883629795129,0.0052486274441541,0.007940330326557107,0.007971975847489293,0.02708813939455388,132.80294522329174,5.4252981659090125
0.2795469654314943,0.06241811878345814,0.017818455991849322,0.004677732976677392,0.008029785632223611,0.009197552461847943,0.02187666377940959,146.3976609971177,5.496420972350963
0.2790700752112868,0.05700407156133207,0.01862982535488392,0.004848256681251139,0.007068597194789344,0.008866537650403506,0.026732607368413742,138.14076483426754,6.187789214668862
0.2781655322703962,0.06074591269272319,0.019286959907312034,0.004885217779727035,0.007890354704962061,0.008834448153799412,0.02304059289275288,139.69122808573857,4.819144394103437
0.2820514363844542,0.05763503398522878,0.01634847651701879,0.004556237369083943,0.007560323467929994,0.010641107590743625,0.02406828363024384,121.33315509259923,5.1227887885391805
0.27672807763193036,0.07296014534981657,0.020439923250351297,0.004743586558691682,0.007350345790738639,0.009187188445023649,0.023996598427629304,154.1344295231848,5.891649774569629
0.2779566628861056,0.06856162019133769,0.017213241264355146,0.0044860083605605255,0.007226576651549695,0.009144643569141738,0.02579422068935147,144.86910899561343,4.205446248752712
0.2772639465932781,0.07011661301614297,0.01715324710909776,0.0046415316339411,0.007821427128735157,0.009597505309598475,0.025872894497395754,146.64247901037956,5.747837106882875
0.2785891206449514,0.049745821771803755,0.02076412755821477,0.004997099271147209,0.007247491294411809,0.008573894197890636,0.02293876721584348,135.84732302464818,5.7246419261839705
0.2802244403015612,0.06460679414748559,0.015609967300387991,0.004604250439611159,0.00739834150106162,0.009125260711954651,0.02447331998376639,132.6800781171715,5.843938938409396
0.28345459381360966,0.06249853742215564,0.018794745942139618,0.005334702276076637,0.006697317707297454,0.00828941917175591,0.020935430703064663,122.61298625211602,5.090289702121312
0.2802396895068891,0.06009954447315806,0.018230641493006513,0.004343098587491854,0.00797409480101076,0.00938701663877264,0.025915241826383953,132.0552886842129,6.072356915740027
0.28035156680595735,0.05559430871043528,0.019206222884175898,0.004458181710566273,0.008072838047297934,0.009126276856821595,0.030917588464723117,131.3123822911932,5.455948520041153
0.27291377258427907,0.06436239762212269,0.018022748115838993,0.004989952857872641,0.007133633921612975,0.009311275324812202,0.0212234243151951,175.9123317403105,5.463332035124402
0.2712420209515931,0.06146796331665986,0.016646506446915354,0.004243402119990398,0.0077089436744747315,0.009804217111928939,0.028782313794591764,177.91570564651036,5.0501389950649225
0.27730554983280786,0.06210865989869873,0.015674612528820173,0.004993844192679882,0.006874618841719669,0.0099426733093483,0.022824401875873243,163.7227644040846,5.000076007293089
0.2752356387278723,0.060564997550980645,0.021358683531865992,0.00463964078020181,0.007920491631129664,0.008185725143389258,0.02566702822646789,155.75040840319406,5.961527369004303
0.27559947613810853,0.05936825350971638,0.017204669658540415,0.0048444420939447305,0.007398752777526889,0.010812102099431682,0.02496963959944967,156.39892949760497,4.762938647102471
0.2741025148423208,0.05365173489226824,0.020628977951273532,0.004233024136829832,0.007750284625062389,0.008601190974769541,0.02593934444756291,151.2291137475836,6.076801839210031
0.2818682696888338,0.06550334595324984,0.016920956171741414,0.004451887083029106,0.006933119235031717,0.009618086517383388,0.021569425499431187,122.81521632181752,5.783717190151
0.27917974823019753,0.052871067852705886,0.01961018033326237,0.004799753421768391,0.007474050382095286,0.008980141269527463,0.02667122559629982,136.3680309190958,6.084901611153349
0.2823135932871835,0.06577011276790909,0.018563912420414354,0.004239716332130683,0.008062701696914955,0.008179353935510537,0.020800446009867943,129.16855148025323,5.206667495926174
0.28034209860535314,0.0529878955277182,0.017966407522793524,0.00488077517374779,0.005796589734783037,0.00940577788103844,0.02695537415287227,139.57741405075217,5.10708760765376
0.28520983342132256,0.06512181816459646,0.018324199200733457,0.004843525968022318,0.008728311437810244,0.007824378190600613,0.019508511710298375,112.05869072784012,5.596443663742085
0.28173517535109527,0.05936876375742736,0.018918081899026606,0.004363045957734674,0.006246808264425089,0.009740731189688875,0.026532486284934223,131.13043506181995,5.53526410598538
0.2834874631871316,0.0580258096081271,0.01813433636226039,0.00513002684410951,0.007242224752119556,0.008114978887467142,0.01992615388031747,124.06356784098027,7.201860869597862
0.2808259046880129,0.06662033892682324,0.015971595428264335,0.004054384231915538,0.007685585754697025,0.009481833051890702,0.026890392175337098,126.90892377453545,4.561447753170818
0.27935154973468,0.0785281158353886,0.018017136757480057,0.004523115415142218,0.008368755239746083,0.008720550726718478,0.026846353401525167,123.97772238875775,5.733349209553917
0.27952637250188506,0.08051911462802273,0.018499839782078326,0.004650878151475204,0.008770709628495441,0.008639997996481647,0.026946269641640597,123.27174310221581,6.138010618019037
0.28006441482468364,0.08096855556492973,0.01843759802906282,0.004694738353859624,0.008282492196701055,0.008984519362134163,0.02721937215188568,124.9699342556184,5.633008407714087
0.28033228021260004,0.055264085808076915,0.018035918047443703,0.004736585514682968,0.0064188154301350565,0.008849627379027489,0.019854038028653306,146.16520336032073,5.124107566117942
0.279540372564183,0.06023057093374712,0.018694796986040152,0.004704620455419402,0.008443551211879997,0.009307056657817139,0.028923900361433344,128.55850614280922,6.678011362888995
0.27936344413291625,0.06345785282558568,0.020552783920279385,0.004734122973997914,0.009217151364136235,0.008873728651496892,0.0273468443256142,135.59557624445821,6.8361967058726165
0.2778256316521064,0.0671323671057507,0.016277012405209648,0.004586344971148831,0.007197515168688209,0.009464095356543235,0.020677320850428425,154.76266703070874,4.837690274242849
0.2790863758723618,0.057889096622925525,0.018119334423270437,0.005041190747354885,0.00782072893318195,0.008713408230128082,0.02351837845015983,146.0559280328784,5.283918608494693
0.27699731311188874,0.058496762719193955,0.01759280801138186,0.0049513609030367774,0.00741731151983452,0.009132452799756677,0.02086558138562843,148.29183638981408,5.690316957142308
0.2775525773558955,0.06443842599516235,0.018048970081355323,0.0048707916218786555,0.007555017081048494,0.009515748298346415,0.022294505364582492,147.16758272644233,4.860518010963277
0.280019854782071,0.060369735761486604,0.020478999563421165,0.004792016650399257,0.0071962461326346445,0.008493435803472333,0.02332408873946191,140.73637149048412,5.0992209548499625
0.27593883826253235,0.06084927497436038,0.02035665149851001,0.004749333222598134,0.009126831148075908,0.008549426567784638,0.029082601741092486,152.91314611865738,4.9540316890174925
0.27794060354181543,0.0599513767747054,0.018372502719254565,0.004443370077373308,0.007502784936537309,0.009271706222512312,0.020583117106223407,153.8914789681045,5.6773768291655315
0.28226626578616343,0.0579724269450392,0.016578720261240583,0.004518857976576945,0.007238898204307114,0.007987788390926662,0.026235058614136463,131.5331075402143,5.9012306750226715
0.2798528866185271,0.06595357814551327,0.018754807822410555,0.004596798157114089,0.007360239860601349,0.01006032338329622,0.02266256685078878,141.8969577154934,6.283393527088536
0.27754185894414496,0.05191625702036507,0.01896166891285095,0.004758900158421467,0.007675361782397211,0.008526776262814784,0.025311796611856854,142.64017725403772,5.163003164371256
0.27920794428450096,0.06316505903638577,0.017513783093923464,0.004746889042608225,0.00678763298612826,0.009332640326806443,0.022326153344730888,143.40126126539084,6.510460946368257
0.2792482873530758,0.06545463300407434,0.0177061055804822,0.004617478764793691,0.00651149350649543,0.008726138363221572,0.02193429172642053,143.29876274189783,4.82757853306493
0.2799054861156324,0.06181653627088207,0.019348076644455044,0.005023261910739337,0.007818223333627382,0.009050986609973912,0.026188616174692533,144.25113237534393,5.67329875688459
0.2769040269501329,0.05973849368207835,0.016383313401374045,0.004343115352041668,0.007689263197661691,0.009442776211625006,0.022964829969362985,163.51453446755195,5.840950397582383
0.27972319813426477,0.058547897019028156,0.018674140759432387,0.005244366353800038,0.0069212106677943586,0.009380880058852039,0.025261448248893016,141.81800099939062,5.792296183456134
0.2780125269593115,0.0590774160031764,0.01725117979342467,0.0052201132951961195,0.006986966913006931,0.008451814196039159,0.02484467935313921,145.30032679600623,6.746471919636073
0.27814656895312784,0.0628166628347661,0.01882322618769408,0.004596237171129659,0.008535277437719355,0.008328656647771092,0.02750206879720473,139.0070791126119,5.034617095527086
0.27951690511145943,0.05535751852764562,0.016782284625610315,0.004999019028362758,0.006261159474179098,0.009708802243864025,0.020012426419039404,136.66785440090447,6.372235761560157
0.28026710109611014,0.05566505009506804,0.016582119987143235,0.004842783874534627,0.006854817580010374,0.009537882976698539,0.02462723902782585,145.39439679600926,7.1207321902256355
0.2793997157941634,0.05222445614806028,0.016529827117196614,0.005021510749955655,0.007198807286460482,0.00909350991284806,0.023456181179610888,135.0082603896294,5.9163193190672105
0.28422981969308636,0.06313451244558561,0.018821659851619058,0.004709552311594791,0.0070537507371224465,0.009588602128711942,0.02210426847535812,111.28762517994866,6.6177824101209755
0.2862595960417226,0.0648956787495874,0.017876648833585695,0.004892754932097787,0.006932128468937845,0.009100119920873017,0.020546597777727046,114.42754793018408,6.767258474538678
0.2724616064231414,0.05243851049104283,0.019019650482188417,0.004622068559147079,0.007536557210723055,0.008988375798353841,0.02788045203637567,170.78682620199166,4.90347053006996
0.275880955557489,0.06534577846209101,0.01824054122295525,0.004601525707390871,0.007490735572764018,0.009369549567612798,0.021565194344237794,151.4245157201271,7.192974980297503
0.28027046012677553,0.05470829272958452,0.018077940885283195,0.004901297401287434,0.007163829250663854,0.009289394179609112,0.024385590121890222,127.5837937592324,4.757760490756108
0.2826538173617329,0.06227069573637376,0.018289333006457863,0.004421429876497253,0.007684096836541671,0.008668990208931247,0.02209905081716762,131.57760287269448,7.530170160279191
0.2819708475921432,0.05140771220227137,0.017292830539530048,0.005248082839948008,0.006958477040183829,0.008570297992685726,0.02334133416481553,135.42944660845035,4.70518394611101
0.2777014731368373,0.06530187512829515,0.018816910763871986,0.004187598692391799,0.007789496354931384,0.009511161455935155,0.024285251297888007,139.88524161482343,7.6739133109127025
0.2784186345185483,0.056441174358284316,0.01907275679166414,0.004536035822070539,0.007201074199172455,0.00970626131358503,0.025880622646380164,140.87836080435648,4.834369545593717
0.2785728239147725,0.05568029441305277,0.01903629126696973,0.005112771816505439,0.007126496763189208,0.009740569334624066,0.02353802608783872,140.46668589919068,6.2051175676820565
0.2793194388545394,0.061786200424320634,0.017929888311040303,0.005019290427930743,0.007324556662182544,0.01034462176691555,0.022453511702661813,132.2453608058071,5.4773522171078435
0.28074872103017434,0.06104272311293694,0.01677042676712815,0.0046629405011831436,0.007788691017806158,0.0104459003248638,0.023332681458264597,136.71101531740612,5.3296548908640045
0.2819679865506523,0.056201160783352126,0.019460161229044728,0.0046341710291828665,0.007480682535273323,0.008959292810984992,0.024909354783956797,131.44764192745768,7.728576535119906
0.2816855609264627,0.05198951826370674,0.01785982733288503,0.0046336837686566604,0.007478166662451162,0.009833890831280761,0.024386290032634084,122.83328845599216,7.2492722952450555
0.2788666069920938,0.056206588418058194,0.017804122932989316,0.004985348813492912,0.0071596406175137425,0.008104452244834776,0.0261177963945932,143.07796381694914,6.631345910822385
0.278365407371833,0.05590762001196958,0.016075721460574913,0.005652504112292836,0.007152765163337702,0.008821316757814428,0.021232485657919017,150.47005617554714,7.120658855763534
0.2810132477771355,0.06425346201121608,0.01522371002368661,0.00453943489319302,0.007165015288491475,0.009450301075088118,0.029035995534859423,138.45476163624375,4.213790354976183
0.2803948941146627,0.05940951885712745,0.01950502269064751,0.0050633477024168635,0.006826184446856046,0.008012281373093821,0.026295153118252392,130.40249165488464,5.1074107051296105
0.2803808682105946,0.053363783506789136,0.016718306690315463,0.005088583726431062,0.00790444411440257,0.008790576322973894,0.027561577215298456,134.76541003024602,5.281431468832595
0.27619979922876614,0.07400958744501288,0.020250139822634034,0.0044320165824481535,0.007009092464487247,0.009341563787553981,0.021579369531755245,151.43746830429808,5.760307492701289
0.27994253837036237,0.06440141283383954,0.01579686120322974,0.0047727635222911974,0.008144325206814507,0.010321467081259934,0.025846731296593598,133.69077356363042,5.3465809369512955
0.27857078833483506,0.06348916769306974,0.02193042209285017,0.0056165741711217574,0.0075070548713200725,0.009310716812279421,0.020469757165828058,137.63321459074336,4.494958662777671
0.2845860401632746,0.05656539809205377,0.014472882418665504,0.004699483377909498,0.00812695251002134,0.009083879002140777,0.024944156402112703,117.47030233676021,6.060873861843249
0.2820816099799891,0.05804331856869296,0.01667677589305986,0.0048003018819047704,0.006763135696433146,0.008779572265388856,0.022315346696837865,135.2791805049013,5.088681745312734
0.28151772059681646,0.06295560257034896,0.017585369162489484,0.00460700595829356,0.006795163961173841,0.009457062559100875,0.0259826934313792,122.13311639042173,4.718048318954535
0.2831633251001493,0.05850292196474658,0.01909295259279601,0.004898937756741568,0.0073552069352108545,0.008192489182591375,0.02140880395072564,120.49635821735302,6.77297790327445
0.2840100432235934,0.059226144335843396,0.018496267452273396,0.00455370306459733,0.007338797991139182,0.009213598468145609,0.021165716316455783,121.66699490618727,5.8562350084849
0.2816039203771049,0.05651639357374507,0.018574342014380216,0.004446389314862164,0.007268360046198363,0.007975835179912311,0.02578801123039677,135.28318512533508,6.394222163173685
0.27668484374531915,0.059115113632770985,0.017849950544343393,0.004980776789879,0.007623185162362981,0.010527244565832435,0.022505588068858013,151.6164061076096,5.881189413963681
0.28035682442040416,0.06383716328559715,0.02118752837512235,0.004420513699733723,0.006866584388181967,0.008504062349926638,0.02359594969143962,135.02411992817122,6.15292610859292
0.28005234413114843,0.052369194600446305,0.014535792588168985,0.004839274136347007,0.007109613255858421,0.009039814646487863,0.023004084275790235,143.71303668717115,5.076330924579833
0.2820059671563464,0.06486302852227155,0.0207246576544166,0.0045138398504476936,0.006684477064860252,0.008551078180371693,0.030788229928858293,130.21428711236044,6.8315823307798595
0.28172877807522356,0.06546702049012652,0.018075595438253135,0.004113804792150595,0.006501123869850792,0.008718816066915887,0.024195550073762246,125.22932990920252,5.840607043969316
0.27954110568900314,0.059397707972175015,0.018078116196972565,0.00560740964758386,0.008390677096305383,0.009363338735565899,0.023307853027171508,141.60506869987333,5.566669896676299
0.27970127940090883,0.06158987057682106,0.018570628191517478,0.004933315468782815,0.006947907392923683,0.009721352241823893,0.021147436949712897,141.50637379745544,4.831207168430579
0.2781367781502008,0.0610971338157908,0.016891605961049543,0.004401039960956529,0.006777037126750076,0.009934021966349918,0.024012833692686295,136.59744019172982,5.5672748335819495
0.27909261010798736,0.06086657006677783,0.017716069475872887,0.004227835756249562,0.007193221019566607,0.010145024601072854,0.022541280435460578,143.77945936871137,5.893715845628604
0.2777334104759706,0.06359445832292046,0.018009637210954228,0.004872772027574327,0.007377159828680968,0.00799137356145059,0.025067435150692784,151.98970376498323,5.774840841050345
0.27680426934370045,0.06786087235965199,0.01907801706768655,0.004265859213280328,0.008173303767100917,0.009416323949677594,0.02382087995713377,148.83726300833908,5.786541704156107
0.27326028440806954,0.07308903297192794,0.021145862928966475,0.004310609358854618,0.007268522345916855,0.009194551700027496,0.027226475487661533,169.9691431329989,5.392754937370713
0.2772857422520243,0.04812830228355867,0.016535104407872744,0.005121214885496629,0.008118324087883816,0.009306009277658466,0.023932652302137043,153.84312254770055,5.562407540248358
0.27719890960094573,0.05394579927158993,0.01667298816714193,0.004474668843357838,0.007816771099143223,0.00997770661949892,0.026417057631957758,145.84510940248612,5.544202207950807
0.27966791814786285,0.05777877167648386,0.0178951643842959,0.004562931069492631,0.007634977695639436,0.009336834348676621,0.020838023672998942,145.50883312349345,5.521083839858874
0.2775354550200516,0.06461566980889567,0.019396645550566045,0.00478053484268077,0.008214106718582933,0.009992706637585651,0.024051303244852416,149.9363420108529,4.4734560171234605
0.27898798103759376,0.06637344907299425,0.020734799138409574,0.004637318050086533,0.008898063204416204,0.010225094511905234,0.025649066955911955,129.580313033731,4.267606453266719
0.2760656749708612,0.06319870104564763,0.016871976335705068,0.005659183218992057,0.007445451800349995,0.008512337587541694,0.019638872302548047,159.23542915723317,5.594910472773729
0.27630042167512686,0.05899699659972631,0.017479689757564826,0.005289758744771819,0.008019984222074589,0.008033225238505099,0.018883097126142834,155.44922815983801,5.9351616766425845
0.2763395864103773,0.04628029450143695,0.01832149744356823,0.0046430449845456506,0.006543593199873259,0.00880534215634772,0.02615572395042678,156.89095257029342,5.53149452581356
0.278099659309523,0.05489252908712952,0.01902963151545155,0.004345563012915584,0.006721698863583658,0.00857830202065623,0.021912184189893897,154.7483452420257,5.998588986019288
0.27854261293042026,0.05724931585238091,0.017618940982082994,0.004550723998384106,0.007165707146525497,0.00872282314854491,0.02141662934659494,144.39225392136882,6.754047231072932
0.2857925125606361,0.058353897932756936,0.016712112269267537,0.0037453817635090827,0.008311037395179768,0.008573146451257624,0.02405618695136034,110.03399281403416,5.346028197304348
0.28488132351971285,0.05371427809479468,0.019627099889103654,0.0041789786807129425,0.006558393518138756,0.008410044228251205,0.021393929081901086,118.36627999276234,6.840122301524188
0.28234274649554275,0.06398934274295057,0.015954378949184174,0.005406427959870183,0.007864770304088756,0.00934114341355767,0.02461288837865911,124.74148034707976,5.208393889820125
0.28330332614750864,0.06260137592511958,0.017587692535435684,0.004608488508034114,0.007230938243161038,0.009823925098233044,0.022555810292620774,130.7244996470907,8.892874694525258
0.2770537018795011,0.061952517285131826,0.018381454006960684,0.004651501125954475,0.007592298918034175,0.008021915316653631,0.024625117683350996,141.83675020261902,3.8407203305605737
0.27575064661669146,0.06810685234746336,0.01952013925430066,0.005025232183650275,0.006361114835212157,0.007478778305890574,0.02049965618496184,175.28645154263072,5.215192629743468
0.2838672531117511,0.06074353199302038,0.018770153809171925,0.0043357666859327034,0.00743438102386317,0.010374868198380429,0.02698349244581763,120.14211416103097,4.962672830299301
0.28041260760096237,0.05590986062115267,0.01631932726583317,0.004786305009406477,0.006731575655048961,0.00814478183694686,0.019167467598977812,152.02657414337511,6.906641282021335
0.2835647173575695,0.055744932271853835,0.01810233562342521,0.004637183135810095,0.008445349780369095,0.009462818637315653,0.02457841341331717,124.3200492006441,4.821388025856816
0.2818582089338036,0.060371848872950336,0.017485362620090854,0.004496443957396462,0.006644718028375352,0.008965807108345956,0.020704181487363076,125.56972845543606,5.800033362738873
0.2789942322088162,0.06244941711906459,0.018163423095698454,0.004729839632797842,0.0074439556327121625,0.009569251015231928,0.02575269001313921,140.02320826410215,6.046502574213168
0.2794014737557132,0.06046053017997275,0.01861668679431975,0.004575289885727011,0.007659791850843221,0.009579761902772911,0.02699652221835528,136.2504612412769,6.018012182564458
0.2782867787902862,0.06122831747088458,0.017815836572846595,0.0049294021684830654,0.007637842560578266,0.00989406415526176,0.029226179801484616,138.5329236732264,6.162338558508945
0.27847269831825605,0.057706691109994775,0.019225359385853163,0.004522407685552653,0.007318929612610984,0.008402000070761202,0.020426800087319848,147.12702887127716,5.39116482357511
0.2845284387105232,0.05906540510179662,0.016881384700133093,0.004936269819824354,0.007479691094800872,0.009688707267160555,0.026850156647458497,116.33530356438042,6.671283754561607
0.2744631861897667,0.05881789969137114,0.020060194159135215,0.004515656943736963,0.00716476648680784,0.008543715846151562,0.022307782474894632,156.62669379559162,4.614073080287539
0.28078701898632946,0.05792811395991721,0.01748754012085915,0.005253126760017471,0.008297526339954514,0.009975359038522667,0.02594650393159422,128.26392798760122,6.631551371825625
0.27850249139370525,0.055634537477235554,0.020310478498888923,0.004446603738756126,0.006621771191965859,0.009311352399447019,0.019955443298642222,148.56328465318364,6.037247047235598
0.27895019768575224,0.06052127538817743,0.018295762350550988,0.004537049838591741,0.008003601990176419,0.010242053630789259,0.028679857723112757,140.97494741556747,5.974432221767688
0.2776709722285283,0.058790141093498144,0.018985307614060507,0.00433814656992423,0.006756638742625676,0.009930922352720872,0.01988900737004315,142.71468424516036,6.053205702569399
0.2759327334533982,0.06023923451454044,0.018057475346291187,0.005181562290153187,0.008313137790890615,0.008485436439380135,0.028992791013915588,161.2235151504584,5.200633010045388
0.28245548008655963,0.05434920094412952,0.01797252766915613,0.005226515992347833,0.007079916150966211,0.00783037153935485,0.022982235065267618,125.8654408650688,5.739211368076341
0.27606802860906016,0.06285153268930385,0.018370309985216902,0.004651974916832426,0.006886575422359328,0.01016921619886078,0.024885985985685474,153.761729323375,7.108295030702029
0.2825227812018901,0.06565400798748887,0.01821374630720695,0.004824482646009902,0.00814597924838575,0.00802458561152861,0.02302938745021024,119.91739626669813,4.5744435804284596
0.2841025966111811,0.05969549272581102,0.018423530415208642,0.0047929844773045155,0.0075097355844696775,0.009324481671162392,0.020119936875747174,125.10890757293927,4.298298885134706
0.2823147621122869,0.06092148149369525,0.01707699695502121,0.005341154753053817,0.0064579192799171965,0.00839856920553053,0.0205804893354194,137.6073259467777,6.700798382410825
0.28411456227054754,0.054772488470710916,0.015829662185784844,0.004789313571985344,0.007600392399126142,0.00811516395809447,0.021401779592601807,121.8566644041154,5.808495282291825
0.28030493257616934,0.05657001660086704,0.016806474002420416,0.004143057947258076,0.006896075403576795,0.009669109916321146,0.025254726260244265,137.3123094105759,6.692655940595557
0.2771059791557721,0.056057278733987796,0.0200403326262203,0.0043741761531335775,0.007289563934456943,0.009158070310117988,0.02506360985101664,152.08211077387614,5.975578185756015
0.27865309114807496,0.0673196504813164,0.016700330467729663,0.004980304255784706,0.007774492055663322,0.009299370141976175,0.024203205508669803,144.54356911319636,5.033901800807923
0.2808778251567681,0.07014279752177051,0.015969219851016243,0.005250244744911026,0.007881028125158684,0.01047901448304954,0.021830233470756175,130.2595817521269,6.25083734438307
0.278330089466965,0.061911458765600405,0.02010417227854325,0.004290075390715136,0.006508217638701489,0.009128448067938381,0.025975878954477123,139.15302822793618,5.256575582521002
0.28216869290742164,0.06154708574991976,0.01799230757009881,0.004635138909104776,0.006992162211821083,0.008487556000573087,0.024716169564196238,130.67065361904093,6.154599896597644
0.2801153437848911,0.056630209959478185,0.01868241916697804,0.004808329453609631,0.007615409087738297,0.009152558978196303,0.022601044276252914,135.32422721845066,5.9999834308307065
0.28044767027746864,0.06263890427967304,0.01856174697304151,0.004622127524421258,0.007464608364677072,0.009016236865142049,0.02423593434231681,135.12107254363258,5.425972676032597
0.28086920685689043,0.06711580411353714,0.017686532841057832,0.0047212388629649625,0.0070844929503772434,0.008888990355556278,0.023350753065410172,135.08436961404402,6.40324265457329
0.28082353398311616,0.06519400371666297,0.01760367211451542,0.0049357434618217295,0.007262866093847717,0.007992562515091279,0.022242824647433247,139.16683798564137,6.064295353335226
0.278395527109209,0.054973033730169325,0.01913062945975232,0.004486761323965754,0.007439225181543019,0.01034306167199639,0.025542221931586333,138.14679697562877,5.694923814401355
0.27930246266975384,0.06479062999630493,0.018479844408284776,0.005037652137601102,0.007405029874483368,0.007887871280016091,0.022830423024054722,139.4230879200304,5.896669439990809
0.28349844312796657,0.06127956263142996,0.018129060771639623,0.004441695187333585,0.0070978122333567595,0.008405915853169108,0.02684885532375976,119.30434711020804,6.166520795289719
0.28050035422852077,0.060794389062943544,0.01842153061159059,0.005126194436709881,0.0069758053348147175,0.009864514770054879,0.027596676504055177,129.28376855825726,6.355117493892864
0.2786835651736285,0.055394932302607766,0.01790784616530748,0.0042795141914480864,0.007679562305178501,0.008473712146442719,0.02128845923704143,149.32481526143644,5.0988830535241405
0.277272490362071,0.0600783521661928,0.017658691595373376,0.004304941212958577,0.007448842453551239,0.008997483326162264,0.02377353397070852,144.49314925638276,5.530910702306858
0.2778953735810238,0.05669585664167161,0.018940861564607798,0.005079156656314379,0.007505636733414494,0.009343921239724298,0.02531725122923026,147.6331710273574,5.98273746202485
0.27760298203964695,0.0618258820412524,0.01818372285864225,0.004384281101421002,0.00749591335969612,0.008914289098741549,0.022592541930426896,145.8657445788437,5.302765585780676
0.2803447746357931,0.07196821705105017,0.01782598715862693,0.005210722408532406,0.007210803971658197,0.009391325606084334,0.025107496905334394,124.7476639769828,5.643087359322308
0.2806343003791551,0.05607613119784217,0.018675958092274975,0.005155715416179089,0.006619981709074283,0.009527290696299026,0.025966884572765563,125.38391414829273,5.51272951091409
0.2821630322459872,0.052633695593530115,0.017962132954789232,0.005208590798293198,0.006904602277900483,0.009191594287928265,0.025826366631679296,132.7654276813878,5.446422920821516
0.28211397213833705,0.05281722581514185,0.01906501300722267,0.004300460172577709,0.0074588272187087286,0.008636822719516064,0.017318511803726844,140.24111697940535,6.214654963140162
0.28263445628331146,0.05927966304352631,0.016992982920587315,0.004813857223576724,0.007078358510000532,0.008981372019436672,0.03127508415679991,125.73863500381063,5.383820144905651
0.27893945750785315,0.06513294706465296,0.019579773563356564,0.004837473998382299,0.0071419893329200314,0.00905071242947763,0.020543406443919224,142.718726609144,6.823563460509899
0.2806192624569071,0.05008655635149876,0.018137522930141682,0.004949045744282364,0.007386683348022869,0.00853357949349608,0.028176716330036898,138.58488611170233,4.307462252777913
0.2803120752959089,0.05663271974502267,0.018032470374078964,0.0052504486584581895,0.007159032783703715,0.00920109455214177,0.021484099056758587,135.61944543598443,6.3445676607340316
0.2784051433478807,0.055916873378010164,0.01858999536152849,0.005065991810686559,0.007160710267826098,0.009533037593550443,0.020901384782643147,135.87679027796185,6.664791511664836
0.27515341541249594,0.059128132572790267,0.019256023538322703,0.004420845610048825,0.007336144458210328,0.009601828594945558,0.0276884772162313,154.71365589773507,5.960310137161915
0.27639715407377907,0.06074882059652174,0.01841447067865789,0.004971009888152089,0.007923851745997836,0.00973188228572213,0.02261637905342944,147.54523161927582,6.7775619685910335
0.2775782246717696,0.062170882354220997,0.0170336884588234,0.004959512773975293,0.008650493516331167,0.009044497030026005,0.025064189193759946,139.26287187126542,4.343643967685609
0.27709906405172685,0.06592474586756988,0.018927358039533788,0.004842625810964765,0.007564191133247067,0.009377203901188166,0.024756326047030132,156.7091137287566,4.830831072059578
0.27415632255033245,0.06070406685669398,0.018419467419418065,0.004365973461575958,0.007344592468311928,0.008946264288518496,0.030949095377338302,163.6316669009592,6.25178745442622
0.2802299200043255,0.056941292459138634,0.017967451886334068,0.0051262177689667746,0.007421890959966762,0.00930496332825952,0.018792261257102916,135.68548603239543,5.349245252378443
0.2769458539567381,0.06367572131716989,0.01870155598828574,0.004307225156443637,0.007466339855499252,0.009118666556024575,0.02825429454321247,150.55324961512866,6.29242341860196
0.27480428161376724,0.060393806063597524,0.019407210641681886,0.004534447034337089,0.008094656712189195,0.008963175814027582,0.028633071909596648,164.22336810724417,5.567455418432077
0.2752829350082631,0.057853360494829816,0.0179115003524278,0.004202428453808763,0.00756810687847883,0.008413640757816535,0.025974383486743028,160.36581377355176,6.384090944596644
0.2793652710360669,0.05768961785513885,0.018712992010186235,0.005358719346067961,0.007385784530349781,0.01012552754108946,0.022904936132971,133.72500530570957,5.111829585124653
0.2808440526095977,0.06082528124736585,0.01751461777614136,0.005019999255730873,0.006962730395016602,0.010055874320034467,0.022485675368707235,138.038619592591,4.292028281799281
0.27824215461553053,0.05657359380618227,0.018580784211485804,0.004659941896288944,0.008003061608914501,0.008563636479355936,0.025404298810531807,148.4872473503664,8.36392798289722
0.2797492936901352,0.058909998317358395,0.01632167303216061,0.004460658991020142,0.006901358290780716,0.010175013675401613,0.025856901137798514,140.28318124616092,5.298036757285612
0.2785160575166437,0.06638799868322136,0.018288959480169974,0.0045217548054003655,0.006888494572243005,0.00904002306822943,0.021729981011350655,146.31715894831234,6.435799284465111
0.278177193138663,0.05095084347498668,0.017214274310263032,0.004816928721127763,0.007366194241136485,0.008489249561645647,0.027034439453627667,150.95567126606275,6.207061050903754
0.2821498825632796,0.06728916076424328,0.020383179432281837,0.005576807642884947,0.00731402393725919,0.008458307000354298,0.022571960248008033,124.58297297769704,4.476710822317861
0.27810212067215734,0.05187687435186156,0.01721110843249608,0.003958948797623211,0.007119614395344314,0.009795098241787824,0.02324904422065596,144.315111374698,7.637527895889158
0.28078138867417257,0.05517805800720512,0.016640819144983082,0.004483956513536476,0.006977478734471106,0.00984617699482995,0.02081712912501777,142.74093829125286,8.48065747164054
0.2777792566675157,0.06701337250939066,0.022306395588325055,0.004960168460607465,0.008111302393711863,0.009827756615323611,0.023297345112778162,138.6575911733757,4.450815065022917
0.27475568626642405,0.061417609889608205,0.022796732486155297,0.005535090726596039,0.008835112037168122,0.009908227665331181,0.02745323781254848,150.4599381933489,4.673991562816915
0.27506376764583446,0.06341240875390618,0.02179314321829873,0.005354530135951251,0.009200429892680832,0.009800052259929123,0.027452057438631647,151.28665992764465,4.305709297226128
0.2744844809211344,0.060208703275056195,0.01794322279584804,0.004268805458131971,0.007605934146473077,0.009659470197135749,0.02777622432776837,157.83350098444038,6.953943042133615
0.27846283144749356,0.05734794334561016,0.0188372760877401,0.004922955372675057,0.008402802770801986,0.009461120145942803,0.020757875432090594,140.40575207734594,5.442941201645884
0.27999749743193286,0.054213832206511894,0.02062190381760434,0.0047477482175855255,0.007277942580822866,0.009256890642725522,0.026121276220991287,130.38257669631452,6.155951944436295
0.28012559151404187,0.05480386109660648,0.02088793519971242,0.004254478651613789,0.00746249907321573,0.008926796360938252,0.019738098953556084,135.7851338473466,6.107523233149873
0.28203092827856835,0.05473972876821007,0.017273848357246036,0.004782216465593499,0.007146780332787753,0.010214725141052036,0.018009447763047012,125.5389235937511,4.235713930353256
0.2785114576283211,0.05692654206193661,0.0195182667869095,0.004657662995666543,0.007854601561739066,0.009352773979583416,0.021774037620987174,145.48205155814782,4.422379485981335
0.27979091998080546,0.0626418462451829,0.017130161174326145,0.004919587045026785,0.007814058656878588,0.00962149858335494,0.02730929893341523,124.9953559946936,4.543165089999763
0.2829278108155699,0.06270534383231419,0.01971965349747864,0.004926018615031204,0.007766016842493851,0.009078306384308933,0.027175498171673574,123.42685560033343,5.8305040645134065
0.28118223547846016,0.05648308579223216,0.01772928643884563,0.004499604911218005,0.008440510478544473,0.008473482590290274,0.017896614712943817,137.55637078203324,5.888702821938335
0.2829252823884401,0.05643765003005054,0.019379769143903023,0.005148603154586629,0.00707100585044356,0.008768668574041082,0.026288464715761684,125.63852239355705,6.520065576061227
0.2819609379147896,0.05462381598589103,0.01952322168346014,0.004417550480964539,0.007369684516399857,0.008024554911886266,0.02422179742873269,131.87427370149052,5.478690569560652
0.28149887298570947,0.05601258259495725,0.016491481922493213,0.004543796203493337,0.007867260128548428,0.009439709630119808,0.024178945203130877,131.57213412782784,8.051878951141813
0.273489256441609,0.06651459571625316,0.02098360849615843,0.0047229203529920456,0.006916718719267518,0.00898423506696764,0.02491730085473489,164.16107890559712,4.188477012030574
0.27527059847589225,0.06841937208263357,0.019337833557638677,0.004989463437152801,0.006896079147827039,0.009357613372972428,0.025481806124839614,161.9467020778736,3.5872216475165644
0.2775648943972462,0.06711124991723892,0.01590589575978606,0.00405873224065917,0.007212808070734016,0.008919360782448826,0.028658912028844286,157.00202004630663,6.159181853805905
0.28047555993249385,0.06254622599232292,0.02192838943238486,0.005480802431769295,0.0074905084776879394,0.008872208917875619,0.02020919554192855,135.34323586129352,4.470565013509146
0.2791602880353738,0.048924578611784536,0.01978150469517583,0.004559754238211958,0.0063742413209081535,0.009552159266967574,0.02229911323351387,142.20219394432027,6.5619970544823465
0.2764497588566475,0.05408168997149622,0.01946704108004736,0.004735183740098242,0.006669577920918609,0.009539223383749868,0.0240264336256645,153.43249469020648,6.314673138664655
0.27851384808379065,0.06314945418465383,0.019713362397049093,0.0044764151296547835,0.00870153497609029,0.00863626380653339,0.025567210528727752,139.54759978872494,5.457136586688583
0.27934900271990803,0.05732357204937731,0.019348143124232463,0.004678192087245698,0.0073147231592689405,0.009666294373110704,0.024017140078565567,130.55336157477947,6.10391867801553
0.2774921686799592,0.05395263673212679,0.01733855959117406,0.004790579764711119,0.007610939254850609,0.009244664381630505,0.027467880090189925,144.24262851219743,6.409069796265528
0.2784026622357037,0.056090030955193604,0.017397689939239496,0.005002138439359558,0.007903463018138539,0.008888351424957107,0.027057683266136147,149.39088229869895,6.659739567979879
0.27817851296520396,0.05700603576996312,0.0217638924486361,0.004737583315893013,0.007772903836082143,0.008436112107286807,0.020603574456600115,141.93566894455483,6.489153610997088
0.2764992814899587,0.05358228790555507,0.021665674458675083,0.004840142069509171,0.007147666857174242,0.009059582208938856,0.021329961240324498,141.3795156854114,6.0759510118757944
0.2752559613310888,0.06497235890413978,0.015926974449151563,0.004668652515174079,0.0072564970264426916,0.008825858834894777,0.025120459389229494,161.13648532010313,4.724861053243329
0.27555355143773713,0.05607291601510077,0.0216723306345417,0.004731866631383202,0.007972017593806946,0.009732910195347489,0.02539017011997859,154.48003119320288,6.002745945857205
0.27377396855791647,0.05718573167709759,0.02108812917434904,0.0049196771711070815,0.008240575054513057,0.009760629257560549,0.02406089532371935,148.14194917275415,5.468221891104006
0.2846168732044616,0.06556727875211212,0.016721494436460965,0.004636969296906927,0.006509323129763611,0.007987165987038839,0.02232419714286512,114.60890828240568,5.300074635822074
0.2854837180436107,0.05982990036375765,0.01985033542529664,0.005246466828684069,0.007656173175571381,0.010092559605149681,0.02275393522349977,117.23815727348504,6.294007031661508
0.2805977487499295,0.05695025818270329,0.018642725194778362,0.004284390251372892,0.007561083347338125,0.008565098956713132,0.021192225930699155,130.06753402584738,5.326889745717596
0.2780699631678059,0.06280994369491644,0.0188651426035915,0.005202495514941283,0.007055060176010287,0.009517113475192261,0.027696545061304333,143.83697466910746,6.26611576121531
0.276918639752697,0.05016043999198723,0.020092332912909926,0.004721737276870977,0.008023643233065864,0.009970100259941602,0.02322892093527016,148.73429977713477,4.900245389966505
0.27582891871185417,0.055518897085401954,0.019411903895422918,0.004594457166334141,0.00919784227847905,0.008018001852131534,0.019916642190232026,157.48407692425198,4.815819923193503
0.28084243203049686,0.05742800067517845,0.01779149395912449,0.004518173795543959,0.007316729374596963,0.010078840539163681,0.028843077774799948,131.45606669956314,5.464369975110673
0.2754070517825292,0.05930823930786043,0.02056205945317909,0.004746272381245673,0.007702133963730733,0.008065865298247266,0.02009043470621259,155.60555441701348,5.933528245923268
0.27688409476047227,0.06432343811749196,0.019456317960914415,0.0052086499973254576,0.00783487550671847,0.009322099616111863,0.02563625657285763,147.94643257728137,6.351216975092774
0.28001170959861665,0.0661310782383026,0.019786892847255804,0.004497333109683257,0.007494207869053979,0.009670895770347854,0.027163812510784098,135.55097234298557,5.835869015163176
0.2778125389548789,0.05664934766908854,0.018425441693044886,0.005222453697921995,0.00791443649054744,0.009782482941470598,0.02121346356373365,150.65360812197497,5.462564421312323
0.280719907727583,0.05914874675191351,0.01812409350585608,0.0042970123717463535,0.007086274797730199,0.008532190712814337,0.02729422054233303,129.89424618800706,6.201779171913203
0.2805575432733243,0.05427284186561082,0.01982977680173118,0.004122351463328525,0.007162392713667706,0.009615488386612647,0.026391988333990198,136.3036087884761,7.196443182254006
0.2808317921615377,0.05526685805532178,0.019521167610322226,0.00412167477555429,0.006796757786909239,0.00949686205263002,0.027864587200926133,144.52683125456699,7.276960093796432
0.2716767534023283,0.06321231281688042,0.0178136520276264,0.005430426850956279,0.008508569951289971,0.008745612056059886,0.02233263746056295,164.2095131533737,4.089321978416329
0.2787844877700224,0.06275615278979835,0.020119092707503613,0.004317139639251868,0.007056497250156441,0.009896239661670646,0.027676528709280848,137.80134275914824,7.1472029387724545
0.27892042523955196,0.052627950191120404,0.01635217158708028,0.005049796445636785,0.007589057986042478,0.008345311017205839,0.020858369481416963,148.12054551276808,5.155339167412018
0.2746643705045666,0.06235377633583571,0.020018762141122186,0.004268122752941318,0.0075475335204229525,0.010284584332158803,0.029660873284443813,157.33094652317396,7.62545295429125
0.2776102771254377,0.05607508723812028,0.019725607869063126,0.004898412432554296,0.007459773514587051,0.008587926791872022,0.02357492852907785,147.7700065521979,4.933511358723495
0.2773614605842834,0.059811538418911125,0.019344988590617437,0.004774350077892216,0.006639672377841775,0.008074989327064963,0.02338343074696645,140.12912881612908,4.881746349811502
0.2760707129579172,0.06480041366239056,0.017958602218637938,0.005525648882400783,0.007030418355276988,0.00995515235309273,0.02034633388333151,139.26714846483893,3.81270510252456
0.27845521345673746,0.0650353908369881,0.01942032622280006,0.004465243475998389,0.007482063714987193,0.008243075849991684,0.02776298834704085,141.0383894301582,7.205226991393475
0.2803125533578517,0.05736524879675356,0.01733668705143417,0.0048156745841201175,0.007030992679106121,0.010034639478369516,0.023457668494950033,140.40322796021522,4.789784685957345
0.277764039828779,0.060771627344532064,0.01705581096835465,0.004125236629307805,0.007251634466195272,0.00902375689754991,0.023393308932913356,145.33226609697945,5.84211961797943
0.27689904744973676,0.05932205488588112,0.018323715063029815,0.004424204037616293,0.00807327701494214,0.009927991405883227,0.024081853904967965,155.08483981231112,5.82524276264029
0.28118322956979,0.05421998720194238,0.017829277053772245,0.004995570991163708,0.007604542645208148,0.008918768055220239,0.026452733825965462,137.33751427773944,7.44516323574916
0.27672116469529967,0.053797051137157964,0.018791550058441586,0.004297242930096513,0.0065306892261973335,0.009669059904966363,0.02319101937526133,146.99780629795137,7.328172938964734
0.27783323874748844,0.05866067134590708,0.020873874578807156,0.004656936487176105,0.007299642005849856,0.010105883171380448,0.025297762670198586,151.55248546343196,6.7549774539283165
0.2799780281352806,0.07357849231946334,0.02035840751403165,0.004592159893245525,0.006767914305845501,0.008704722064310815,0.021800560334304248,124.92958336746848,5.312189172666335
0.2771509174236669,0.05643499375058336,0.018882886677313335,0.005153098330042022,0.008580963229686718,0.010558705810171445,0.02072855182723144,144.70303582585333,4.9204646515575785
0.2776666390329132,0.05436879469629745,0.020089233781005217,0.00509835247504499,0.007870407263408,0.010633420904422236,0.022689210957117734,141.42391007749842,5.712578846971255
0.2799930472336671,0.06396511423950905,0.01656134871552583,0.004388160735658367,0.007015128283438824,0.007830177419319236,0.024689082823726834,137.9269240634879,5.828713497553537
0.28016369980226397,0.06635934939714386,0.016130599675143763,0.004344430265999454,0.006647785574012059,0.008154119170982844,0.024009369707642187,148.0568690631744,5.507305167075198
0.2732337116413946,0.05900081834022637,0.020833104349632876,0.004627270197397675,0.007919657873592015,0.009068447572544738,0.023983056284811177,155.4161986416321,4.698110229516206
0.2791257888670784,0.057030041690786626,0.017597420407797038,0.004952767596962243,0.007224357717646193,0.009570829295016677,0.02530013308006688,136.49062136757075,6.635286734692231
0.2801212044633479,0.05609931449697039,0.01835749955904515,0.004753754453083833,0.007645855319013886,0.009096770418798368,0.021851177393589917,140.54174041793374,6.517928832632239
0.28022878981421506,0.06841092440594873,0.01833496766493035,0.004489642120241237,0.007689606187786741,0.00850286766697322,0.02754435627731551,139.59923652932153,4.925263418810589
0.2806521567726135,0.06441065974343267,0.018763534440569128,0.004597692765819237,0.008258562005342092,0.00813998839953159,0.02438821403682678,129.26977547627885,5.689479516302068
0.2794566369324023,0.062155643680606186,0.015651580992775155,0.0043798348407553585,0.007078115287976696,0.008989265850293342,0.021732286568285884,140.00096520007384,6.515501251269632
0.27985424650409607,0.06194965670979797,0.015059961717909565,0.004707033607563984,0.007073536157460426,0.009259968305583014,0.023146629885138142,145.2989346795441,5.301765661537002
0.2784492238299547,0.05582457743670101,0.01716441457611903,0.004496223883021512,0.008257747056789982,0.00841521302769457,0.02291466645938,148.1162846574945,7.0843932256067
0.27490860561799546,0.06707356315226634,0.020234690402247152,0.004725707863128696,0.007281748855888727,0.009046172218161501,0.02721006309071025,157.05522482768808,4.247114142402145
0.2781826200871199,0.06231153000116818,0.016864672750648117,0.0051900687361556876,0.0076456822824822485,0.009135855545476888,0.026668207665308388,155.15164371025296,6.421324033709782
0.2787961144104083,0.06064628925437948,0.017090473733243062,0.005202358918178732,0.007968033020429106,0.009055822013107912,0.02629572965879695,148.62249287969888,6.41175166196187
0.2785723202019318,0.055535386413843923,0.01611880964996211,0.0051125006971561,0.007140817071464374,0.00865231522967554,0.026180636512331677,137.11630630125626,5.3163352549404
0.27930386087177056,0.06257355934662225,0.016560993964875547,0.004247625682901003,0.009404017576630765,0.008236838001214667,0.026083804137453016,143.74243292619676,4.222066135150595
0.2717086475340814,0.06292803560841989,0.02152408688665066,0.0051992606176426,0.007622609320343482,0.010172426483182409,0.02408332622613282,174.82678199796638,5.7436196637032415
0.27218475098546635,0.06027501797233324,0.01960060021884892,0.004706299939329002,0.008480240192516962,0.009822485456489085,0.02508475829042436,178.6681410059144,4.407293687540973
0.2776557563296834,0.05579918791660879,0.018562554532961097,0.005312467761607351,0.008006873802324017,0.00912694238820208,0.023600423418852386,153.03434545087538,6.40292494493513
0.2764166992096132,0.050442402695643304,0.019644602426735932,0.00520900844086849,0.008336582861078934,0.008454679998282772,0.026594380460261843,145.68422818949796,5.701004202827579
0.2740186237152858,0.06861952013441834,0.018156503410173604,0.0041478226100735375,0.006780877708459427,0.009945584019623133,0.024003466996284754,169.7827429294666,4.393956861815124
0.27525249663008694,0.0678309570764929,0.01830301111905832,0.004258489747833711,0.006507834832601946,0.009688926065548525,0.02589709133306645,166.69542508937465,4.611355172560515
0.2796690989405612,0.05402682871729643,0.018658205142273974,0.005210119845217132,0.008673596433905448,0.008697028964089663,0.024920647235140647,130.26648945299954,6.397824559267767
0.27498817244053025,0.053892685199706816,0.01636774454909694,0.004262963784878,0.006357352007767794,0.009577052145897387,0.022830562349099803,169.727073310117,4.866091850059018
0.2797627770918374,0.06014754357029473,0.022117216455580468,0.00481203299800482,0.008766284617737156,0.009726246065828534,0.028081699109659228,129.24301836013586,6.17352798670956
0.28148490882731764,0.06701298908271126,0.01912740071106305,0.005085068405468023,0.008266076131181185,0.009030841978119066,0.023967829480973906,126.13941552105115,5.353142891299927
0.276159599016323,0.056448939579101284,0.019840169843190605,0.004319619967433658,0.0074476914223979675,0.009911302392714802,0.023592230465175373,158.03126294815317,6.0003559803918165
0.2780055797475666,0.0600136981944772,0.01621081258173107,0.004451030291350239,0.0073979963139220156,0.008669363571152604,0.02981362525572803,141.7011928291172,7.191406173085059
0.27995101402207034,0.060260857917123906,0.017938306608418157,0.004338802750130452,0.007929217496062999,0.007722280518210783,0.02610289100555002,147.0563241799933,7.549862645478956
0.2775705548083678,0.055855344075821586,0.018015277977874545,0.005020796600960417,0.007581945192950709,0.010210938385572452,0.022643948616767617,154.68626908967246,4.682820510788762
0.2783621859765233,0.06932550900057265,0.018214557521145987,0.004524992600848394,0.007503075233947447,0.008174934414308912,0.02588382796232026,140.26100089850112,6.73132086493247
0.27707280577896076,0.059607977330277444,0.01988457865230004,0.0046864010572706585,0.007001745259933247,0.009937648089004807,0.02296805207454049,157.94000708153254,4.568312773890987
0.2759871480635104,0.06392929555815671,0.018918621753261693,0.004489111146488919,0.0072725194630629,0.010930483301123207,0.02422514426864018,152.24176407738568,5.519188267747795
0.2831617466850173,0.060880816785395746,0.017048572652764982,0.00469863796088171,0.007365530511613127,0.008115908828907286,0.023355196244876496,131.80244193329713,5.602950051153716
0.2786664776629424,0.061780985105002524,0.018757407721853536,0.004258505336802434,0.006861251918181927,0.009995666873341972,0.022755993152784117,137.4400895537423,5.5378691254017545
0.27783854060380075,0.060074588029851134,0.018253214785666237,0.005174713822055363,0.007877658716268054,0.009820074528867826,0.02380897927900237,144.89194688893267,6.285362147121717
0.2745289091428286,0.05577543250643628,0.020002459511938218,0.004188413940621201,0.007224993158071892,0.009612187641968965,0.026417770999547435,163.07911712588793,4.964393620032151
0.2812248572920588,0.06264544767933605,0.01956781043519648,0.005383690690009245,0.006339157941304231,0.008283858169450514,0.027484167977183966,133.7420879852404,6.062760558711483
0.28080119474223453,0.06081317187969145,0.01980061980404833,0.004851530803700054,0.006768088578731599,0.00839499199164816,0.027838215148995822,133.68521687203938,5.650530934266591
0.2800093940690452,0.06423246387043259,0.02059879894930277,0.00486599141429927,0.006947413313406944,0.008388359352297824,0.024812304000874634,131.48901717097536,5.788309328276289
0.28298509942475136,0.05433930158113177,0.016564095157033557,0.004453796435596676,0.007136961448591253,0.010000437036446944,0.022868245948863664,119.09921578817823,5.0561837796241385
0.28081900554201333,0.059352150756381054,0.01791449971981945,0.004995243504622693,0.007783038830478587,0.00764431417628521,0.023655813324467617,129.1833701533666,6.229932752365833
0.28610237884222656,0.05394149070317292,0.015983493057044895,0.004660163677114283,0.006455832604039744,0.008713042268282074,0.02095673557173934,116.51846656632944,7.50637271962841
0.28331958941115054,0.06074506991625808,0.017934737983913488,0.004456840180565184,0.006878362224300043,0.008774548283176314,0.029157678970768514,121.88923138810023,6.304953636018344
0.2824086126705885,0.06376241487233428,0.019494824945469127,0.004358949789070783,0.006970870123908624,0.009081349536281594,0.02546168710285337,123.51062734307281,5.278657895879706
0.2828843358896002,0.053100791084454174,0.021642296902399893,0.004792580387754174,0.006878782161739133,0.009063765223839483,0.023220354706950257,121.90015255477599,5.2681042947726
0.2804978171823199,0.06387783348775675,0.015243367228202881,0.004700908579646474,0.007729371973936663,0.008874043948728181,0.02418749617509533,135.84833593609625,5.866890167222403
0.27899851106015117,0.060055933555975355,0.021258749167793977,0.00420689844060294,0.0072620151302997,0.00946570956123861,0.02373342542005288,133.27772624841637,5.775587528233709
0.2791254399392513,0.058840806471409185,0.01716569445512349,0.004519576423505619,0.007472731709568113,0.007827854127017506,0.027070799339240233,151.80753394295945,5.7703057448273904
0.27755669293625346,0.055723213667277234,0.01884510803140375,0.00394089484008789,0.0075062441252724075,0.008745713128771985,0.023478168512175743,140.30315171126867,6.800763892825431
0.2764669404421829,0.06306187611941264,0.017995092268578667,0.005798441326090007,0.007466740603458312,0.00970351745438533,0.026969102088595143,158.1145300225677,4.723252358702615
0.2755026488070845,0.06488567128662778,0.019493144411818243,0.005070252630417629,0.006597146198043701,0.009153326905619687,0.022900547911383812,155.66717423079814,4.959423704876979
0.28156458378438204,0.05474508298069833,0.019247108951602806,0.004622147509349362,0.009386048643635878,0.009186443874867962,0.025028557219738273,134.9487341116752,5.367842434505237
0.2776292005787002,0.06079925964943512,0.01767044825658565,0.0050145858239195465,0.006236533300665944,0.008768430624083792,0.02423153565077717,164.39200907943646,6.516926601345272
0.2797203728614393,0.05715549580475168,0.01870640276567311,0.0050731191898924725,0.00799195854570061,0.01038930068686143,0.02160737225147362,136.7997977554613,4.676253931525732
0.27746092161499775,0.05937151242819809,0.018893156470389694,0.004937862658857567,0.00798281014498444,0.009101699050449392,0.02531295467178478,144.87821666596722,4.940128148309652
0.2749405409153733,0.05991407437291417,0.018004230697666473,0.005017568772417029,0.00828458819337511,0.009430084673061896,0.025940296908805498,158.9892102353323,5.557674503911556
0.27315459911621515,0.06299287563794406,0.01983712259562218,0.004908265538515997,0.007054461761435573,0.00845378907860147,0.028286108755978513,171.09986748200672,5.5897296625142925
0.27640083461528286,0.061870113288823955,0.017585188216141905,0.004991022439224807,0.007208159389886284,0.008633359625561204,0.02077661798438605,159.93981029722934,5.686975424832736
0.2807073713465116,0.059798424396536355,0.019878497488758983,0.00448624767630246,0.007780765691429945,0.00955737294495388,0.02718392217657836,127.8850475972141,5.433052065587074
0.2793159178883403,0.05575595477376772,0.01918560012343014,0.004744812871891845,0.007929710464614334,0.009337329074116236,0.026593364922206698,133.9336253625321,5.08017337538385
0.2768762079699216,0.06059351938702474,0.020154180004536247,0.005147449845105695,0.00742745241669381,0.008800758795437087,0.023926949945526535,147.01624178118539,5.165373070892739
0.27287825196161825,0.06084679092825553,0.019809009004139944,0.005269074559073612,0.007893656853659926,0.010177520039531825,0.02359260227990889,158.33163497185194,4.5720212241076545
0.2806687327196293,0.05698089461198348,0.01791933072831232,0.0052809618107624344,0.007171290825755033,0.007790264772726011,0.022603964312762743,127.8438278651628,5.5197496999749625
0.2776918642472529,0.05961180322975826,0.018451244857718957,0.004154875742693415,0.007513601972099112,0.010395859483407873,0.02536499154215128,151.06628954944364,6.404977064812702
0.27660713356087513,0.06212186654142631,0.01864421106672931,0.005386385210569408,0.007477537729409537,0.008025527326494556,0.024408093266915308,146.06780294796147,5.021950517114226
0.27685640193419025,0.060536221361012284,0.015149807158618415,0.00490726097611445,0.007824530664009791,0.010245344359033012,0.022662699133909982,146.22255335522922,6.442712021520733
0.27839919318306383,0.061978346255369125,0.017217503464344523,0.00488166684457079,0.007893487995452206,0.009639566381174875,0.024321168867615945,150.91299548524424,5.6329197734548275
0.27889011504253874,0.060351660216791905,0.019604401647175897,0.004567520489430361,0.00695968834656479,0.008817811025774832,0.024326302621357355,142.32048505457604,5.773334607139649
0.2808016584770831,0.05800109444251099,0.01700885897857747,0.0043376873292443946,0.007829497703194799,0.008994019446876632,0.02557492775927211,151.43525622697976,7.073867621951685
0.2711986401865479,0.05785048720329327,0.02029368535909086,0.00520694833907421,0.007196504384214372,0.00963213371816058,0.023718969913889196,155.89440032265446,4.715733709107712
0.27238879773451113,0.07647951475294006,0.017122701432659527,0.004423730155309813,0.008145521681972467,0.009001153283763795,0.026655790217348475,169.05776077402135,5.366320287217658
0.2751851211383802,0.0704978812708059,0.01869708676344693,0.004567430939983609,0.007601301513764189,0.00919028261433466,0.02745615622517777,160.3860344284795,5.5898918221766305
0.27645996426942604,0.06044914665729245,0.01665777446670963,0.004505833277532439,0.0074534348227822435,0.008719523958853562,0.026333710076495816,155.08127286164498,4.895587451965357
0.27401268497948084,0.06203714919616034,0.01990867452626458,0.004247855946687924,0.008450011791256396,0.009425793970545111,0.02517791137134507,159.76221466390672,4.763681263650744
0.2751633001068511,0.061600201891501616,0.015348094748906284,0.004469191180744964,0.00719364625215674,0.008018814695815996,0.022380239180949134,162.69251827711219,5.651804808887369
0.27802651262954486,0.06422141184600372,0.023230836769858255,0.005056943501168965,0.008321791133003943,0.010581333430564721,0.0266116057209289,137.28826991290018,4.995884462772455
0.2790499899702028,0.0610143162593047,0.0178764984007201,0.00483500262595422,0.00727511254745499,0.010315502698155402,0.02355699885937243,140.63934451703594,6.9922741747231
0.27633668979785814,0.059660881356450354,0.020864578475569055,0.004864570453605045,0.00763329978772537,0.009047167620920993,0.024286049762300695,159.75753542467595,4.541753179573526
0.2735679156628327,0.05936263005111889,0.018699437693855375,0.004890750287948126,0.007391329147183651,0.009597402708378108,0.026941711020069238,174.57029626246376,5.990633428238984
0.27384050851658204,0.05503944204853914,0.0180398114604769,0.005000194183745662,0.007839562623263824,0.00948686519213367,0.02673225995861124,168.53596043957432,5.633894726458507
0.27792490157194066,0.055581981114963264,0.020236338207620563,0.004750384867535903,0.006748308842946722,0.00842231599813487,0.029580624704334032,142.115129332114,5.759484691394777
0.27868162880693187,0.06140627863056059,0.016684495837896583,0.004528205602338834,0.008132004357252736,0.009835374146367832,0.019747259063998254,145.005501978583,6.303298573338407
0.28469245603106635,0.0661931558716408,0.016897022904699615,0.0042700911117663646,0.006670211965854355,0.00850682700300099,0.027910384063553884,110.19387733698525,4.72030821438567
0.2776092542950974,0.05560615129239763,0.01936812428377064,0.005186086839808276,0.007691919752000479,0.009294617977421059,0.020141938616413328,139.09454674978565,6.577115413902875
0.2802670769888926,0.06002861152541897,0.01898101320820747,0.005319790508336209,0.0075215862606250634,0.009350278825964519,0.025829696513666664,138.32072052435439,6.172054878155051
0.2758579992564145,0.060079760965713644,0.017936742928671968,0.004146414441850618,0.007455379800580576,0.008966762616276106,0.022643058445655413,151.72938183747175,4.989917154556599
0.27608504559923686,0.062047052681830216,0.017893830596021166,0.004598772929908516,0.008194460286215993,0.009717334976342272,0.02602186775059823,150.80562021512245,6.042581741413222
0.2831093839539535,0.05894415699028352,0.018523904166148013,0.00490374313196194,0.006876577506701358,0.008069048855431221,0.02158763658971833,124.33500662527462,5.64098952970792
0.2809062890405565,0.052967792479037865,0.01854721070356912,0.004793766010499854,0.006943673031688659,0.008817124602646099,0.022797109660914062,134.81224199948403,6.017844749602931
0.28009167671113205,0.05982832424502766,0.016505513315702224,0.0053570362341619025,0.007269859139858041,0.0084443798204091,0.02152937639817695,131.401013471734,4.79557342360464
0.28147013507072166,0.05823978625674023,0.017606333225442417,0.005272942493698691,0.008093828425772533,0.009008134781151957,0.01968216271848262,131.82706039600728,5.235428823133982
0.2847145991980651,0.06489155809969667,0.018824956216695877,0.0052404631567064385,0.006278894853395701,0.008131184992556209,0.028538708789986968,118.67071817168869,4.659078684814814
0.2824413725848065,0.06360568001223904,0.017373666658514066,0.005131832767460737,0.006449493975514022,0.008611882591396345,0.024083603548648275,124.38751506444403,4.8352042755968965
0.2823661085866964,0.05287192345906407,0.018571986056459797,0.004519159106190068,0.007816397493491181,0.00902012063521112,0.0220106558490181,128.35489780048567,6.995957150687856
0.27884461770054236,0.05594242219257986,0.016549873590772996,0.004311176944256336,0.007145058175492094,0.00852214806345663,0.021785066027154083,146.13117777566208,5.734640386066323
0.2808371827276626,0.05183862421320445,0.020539472275835267,0.004709062845635008,0.008185794757284166,0.008319682404434127,0.023673214586604086,143.39568183269833,6.434297745465394
0.27904448493690637,0.05427881940998017,0.01857624450405449,0.004969983709806588,0.008155872570804726,0.008672012877249514,0.02444850995559475,135.64239939731198,7.475204234913937
0.2819800338180873,0.059112007168155574,0.018641027427572388,0.0046413412988135835,0.0067699035970474886,0.009236956922368447,0.024964019682304692,124.29110126868645,6.528647482532088
0.2835156195097686,0.0637623196001763,0.018627963463169837,0.00461303640389512,0.006809351144742939,0.00974538906888494,0.01930765437875343,121.26027646284197,5.403169128092093
0.27599778445104295,0.05215199066436912,0.01818918648679798,0.0048653530218663995,0.007973050244932788,0.00819013964004647,0.02880812334958866,155.93482304596,6.51437145557813
0.2749344197124086,0.060713604586993646,0.01793119459599693,0.005507662262705187,0.00761976852265679,0.010239194910416697,0.025532655244022723,142.48100143429636,4.971987881950953
0.27824640349862273,0.054528596723070984,0.017980675814331163,0.004354769959705211,0.006614556778652489,0.00958367372337602,0.024035296623354407,145.05485477879364,5.807280092653835
0.27652356493148833,0.058429444126516863,0.017431358104270236,0.004559309133499155,0.007809242680565057,0.009240165086337047,0.024488756449829584,149.36919891554706,6.4262971746169
0.2798834681342993,0.05861495410259496,0.018782016039510924,0.004975390075720043,0.0071718586901212715,0.008914547612134394,0.023896259821502543,136.80920632533127,5.652285779938144
0.2795972812619011,0.05550021415180869,0.020858600748376584,0.004686639218388352,0.00757276133783219,0.008650398805973446,0.02034876014880481,138.29472295547723,5.273131464855514
0.279701076672522,0.053724804283830786,0.020214616230549712,0.004747320143712567,0.007931069594858033,0.009204982377059582,0.02499645640588776,131.67362659872543,5.99747872389223
0.27700332254353816,0.05819625387948616,0.01773029240477078,0.0048237197748125776,0.0068423316039716384,0.009467290220593831,0.02327657552601981,152.19488208170094,5.1244248341690675
0.27760990147638914,0.05753057985436574,0.0190222841201258,0.0048281200840352995,0.007058960842316067,0.009765992013377946,0.02467154383382181,153.24297038490354,5.371606504074383
0.274675247759821,0.06057742762369195,0.02032318841030274,0.004883476385492339,0.008078698768222562,0.009526747829110848,0.021603178066824824,149.98836624505213,6.695053856722488
0.2775653030479677,0.06036662654408109,0.016465931868615877,0.004481979889226649,0.006450739462106138,0.009466282307430351,0.02482165356876232,144.97419258082854,4.696886988816943
0.28203179159241454,0.07152895789437168,0.018928715690770342,0.004943043858944896,0.007418530041912046,0.008238608452132229,0.028945866728079927,120.97716408181388,5.83014723474701
0.2796593083209018,0.05878854280099925,0.019617807374412842,0.00442374023727934,0.006591972854109295,0.008457555471276364,0.02342464461939336,135.73835786397478,5.158870370543976
0.28051842863333304,0.0737579128494199,0.01731379511555426,0.004681026679497576,0.008641674894086999,0.009314819363483197,0.022523648230471923,133.2439622563052,5.4295354911790845
0.2782339327347315,0.07538329072824106,0.01609765969935427,0.004676306893638321,0.008364393361651956,0.009663217897508104,0.022934026207573965,131.89142378337937,5.483240117635244
0.27605711403737804,0.05066004213143837,0.019933024658869005,0.00456146043589694,0.006903501694979538,0.008620058276939247,0.021799672861519348,153.81636464685286,4.380381034177172
0.2799339651150506,0.0670660120528295,0.018220219908330903,0.0039803692932548415,0.008164946452741016,0.00916840796428715,0.027355910565405057,128.9036109602817,6.687280863900411
0.2799385600587282,0.07038825052929931,0.019796942216824265,0.00414122989025607,0.007627071820920582,0.009255204587689667,0.027245076404014412,130.75413351398007,6.811941085607405
0.2799385600587282,0.07038825052929931,0.019796942216824265,0.00414122989025607,0.007627071820920582,0.009255204587689667,0.027245076404014412,130.75413351398007,6.811941085607405
0.28035471898435815,0.06746817443235575,0.019919379114847754,0.003913671536502511,0.006931854560095441,0.010150847922512543,0.026798052466999973,132.41456212171508,5.77289948775494
0.2781341895385743,0.05789821777203712,0.01945247987935832,0.005234695056759176,0.008065822249363846,0.008429471074077828,0.02383558775981522,142.9992017774841,6.581679664895648
0.28073925048907056,0.057469486059865946,0.01652253548006248,0.004148309356083275,0.006750021440351725,0.009690306231532005,0.023855516464349125,134.03203641650765,5.7681963665307645
0.27891108934904035,0.06005038919149755,0.019336275971819694,0.0050984376961608355,0.007889578935918358,0.008360210145190868,0.023967735037258495,141.30735892602695,5.681114354401307
0.282364932774984,0.056309962831562456,0.01767720538670618,0.004368953537829247,0.006816515625632904,0.009117700850470922,0.023533027840967485,125.72846501738773,6.068650657677461
0.27945791665544684,0.06522293652686666,0.018567580880451837,0.00500607981478724,0.008066387769683533,0.008625563308038896,0.023188071818205352,135.73636522840775,5.764528952818029
0.27842837830418277,0.062807502230992,0.01974413780755373,0.004509797492344973,0.008627557549306388,0.010010227843339176,0.025175024762188254,133.7524960881155,5.072935440660273
0.2789633859822007,0.06608145176252865,0.018526981240734038,0.004628800796651357,0.007346567591256118,0.009726133415337228,0.022538545051973422,132.82318081729463,5.453208603469074
0.2792919094297737,0.05491325156625443,0.01995712904636167,0.004894141471371289,0.007596698745138645,0.008780713917286201,0.02474166709272677,129.55182226672162,6.10972768385122
0.2754476599893226,0.06174611616768295,0.016705547503972074,0.004682779067840021,0.0074800637686953594,0.010074298367389115,0.022166575181993733,159.05144285691148,5.563536911976675
0.2782707657637491,0.06095522447662682,0.020226574024203754,0.0045123855885448125,0.0072876493895674245,0.00807298786248176,0.027659329573945887,141.87011619246476,5.858777483675453
0.28019919919112996,0.06257349670588187,0.020131611890553354,0.004515881566516578,0.007146615306472793,0.008569223337274596,0.02807091330257698,143.53222476520173,4.809669337783909
0.2748256604408687,0.061479202258681066,0.022165859246079292,0.005036465523787454,0.006712935773614278,0.012530040631495445,0.022181216533476204,152.39706444244877,4.913183537525067
0.27912721089047177,0.05897832111020677,0.021852286739131317,0.004615752920052044,0.008190082497685248,0.009332938549881403,0.026277007367274677,133.28843479250878,5.561978844801768
0.282721251819892,0.059616757178438264,0.021239779280043693,0.004617096839456719,0.008036833145548261,0.009144048523151461,0.024057819135040525,119.4915909990392,5.731342711343928
0.2825804907522076,0.052561516585038645,0.019486000684190836,0.004781164965760131,0.006620061113401848,0.00791736863160484,0.02238491572269224,127.20130748516279,5.918050940437233
0.2823139719034599,0.05975328123711527,0.018115259533647773,0.0041270562358642375,0.006659286849427034,0.008664035179987123,0.022105228800805645,125.74879992943357,6.282233510381489
0.27546038097111925,0.0631706886623159,0.018565549340057535,0.005041838316917056,0.00828518242309596,0.00941345459953746,0.025958466646104118,151.15760360740282,4.848409039202866
0.27980569767353664,0.05640260892404163,0.018701128827985858,0.004557277917300312,0.006963012650531357,0.008530160102617555,0.022701175646857825,148.50611293164377,6.389980417168753
0.2798641084212867,0.05639877131779886,0.01812100890972964,0.0046794251107126015,0.007285160213573846,0.008295113072016677,0.02482156024449689,146.11091326083547,6.0383804563153864
0.2765044155206277,0.05872108284299357,0.018894175691487113,0.004333676807735925,0.007493087825753081,0.00962138960549289,0.022192640223508794,146.46586993930967,6.271880539446889
0.27899377620495097,0.05812512376303415,0.017569198698697185,0.004587659202400941,0.006851954739808844,0.010008453468085782,0.022650331200418386,132.89557989368416,4.966322344737581
0.2772807841469702,0.058020556868016646,0.017152310441547736,0.004632494904943404,0.006904793728450901,0.010656711208105497,0.022305085846282026,159.12215923427738,5.04346138759051
0.27652131268747376,0.06056477292469262,0.016579073504456737,0.004738858153016789,0.0070979431407028025,0.010540147847863248,0.021810748492937484,157.40961047632572,5.3269516209822605
0.27399381823666,0.05569190079622188,0.01792991700096837,0.005292695658852044,0.008244572046641788,0.00991489034929904,0.02358148128618314,151.17473482592362,4.88372977624465
0.27945292938606453,0.06132906779888076,0.01790924529943721,0.004611224463883356,0.006930546399536848,0.008350532256733734,0.02409633293271401,131.89117655504816,6.322863341911265
0.2810200038036745,0.05962892567844113,0.014986057332689044,0.004676736012997099,0.007238521671911261,0.00867932174546638,0.021051857343766106,128.31706742790203,5.512991223687337
0.2873068958903971,0.06191461102317417,0.01841419245217071,0.005440780561356529,0.007448687404985686,0.009707938412707336,0.020725933845040442,94.6880935694345,6.543661941529566
0.28765369004114594,0.06558225945892379,0.016784555406728636,0.005234343055792683,0.007933769581117911,0.008766025343873846,0.016550217134338453,117.46270367660405,5.383591915673029
0.2838177475056416,0.06671938846523374,0.015368259664649827,0.005493129983587054,0.007177687030810492,0.009280398757642472,0.01760714226574722,115.13126848453899,4.699453651243264
0.27811909570545956,0.05854221525505997,0.018489794474905688,0.004914216901615467,0.006860603178458481,0.008688554455418687,0.027863903862713122,140.41661222577375,5.99525737344668
0.27879718957837674,0.053729206180478294,0.020438611126891156,0.00468948532286395,0.006722190127393202,0.008518329828348173,0.026007505818498217,146.30591411814567,5.256636616055731
0.2772099370485364,0.05754322286834799,0.020170954803848198,0.004991021312530815,0.006863108417578753,0.008672641651671628,0.023761778782819168,148.0869072511067,4.3972295942413835
0.28415847501450586,0.055956814237623005,0.015701086020532037,0.004619401546236248,0.007514593625278342,0.009777671857621014,0.028346003036169427,111.00714049762846,6.393395267737551
0.2774104041400562,0.06274467871269834,0.020862088055955807,0.004853948566737326,0.007023667852513464,0.008005951688161877,0.016945036315558864,136.8286578377973,4.8120653581843635
0.2763261018365323,0.05642320640865325,0.01636475449097662,0.003579482128354697,0.007737818043755399,0.00928512853275414,0.026020517765872928,144.34836259822566,6.16120011884264
0.2799324550658194,0.059916252793629346,0.01975946528200074,0.004987369040173092,0.007739825783818613,0.008023801043247167,0.021977988593790024,121.20847482184182,5.850982884350838
0.2812604806370413,0.05268911760319502,0.018068673608240153,0.004911098805469601,0.0076541980391561775,0.009696505327291254,0.030335258285760634,123.39845967286004,6.576437729507117
0.281200344191514,0.05190846069636555,0.017643588442394484,0.004751059278713917,0.007512276792119358,0.009195984008571235,0.03036233597029425,129.88870250449293,6.178863314937431
0.2815995117503471,0.06499974812018822,0.01909116405524333,0.004773135580418388,0.0072420457991174535,0.008649419463564205,0.018145759438031407,131.34335084903992,5.635300672061959
0.27846783805874314,0.06604567070425774,0.01821085955701667,0.00446536716685696,0.006382034078546621,0.008791868157227805,0.030146686331536894,144.74416816276408,6.390974106891721
0.2796058325344913,0.055273696819148774,0.0198054481006899,0.005151567029938852,0.00923660214276565,0.009560568622413942,0.019348825504878847,154.94560269589255,4.600848773146511
0.2818554264304714,0.058288479919844434,0.016548022414949525,0.004969080251190885,0.0073396064224741705,0.008980749774655829,0.02755161366582032,138.01176219492785,6.866716664430098
0.27915478899872503,0.058110581467940396,0.016257579696045327,0.004768259661624138,0.006906732743467893,0.008670900969133675,0.027829414441141866,135.18098925883507,5.900917808888657
0.2797107992552857,0.06018363477917346,0.020537205827180393,0.004422965442532528,0.007579788160330795,0.00938257620793402,0.02044101454494794,144.62916864866102,5.671244403844693
0.2813257456650579,0.05549655113746464,0.015860252685164552,0.005090969937193205,0.0077264216863258,0.008595560049617366,0.026704628756294355,131.96543515887376,6.607675219053284
0.279467132782169,0.05215508101321337,0.015328103110113643,0.004905183418877895,0.008734197512020807,0.009595339022459015,0.030767925980796616,136.5054369830317,6.520611012035428
0.27726677834035807,0.061404536809547654,0.01962164709738774,0.004622350958022841,0.007147506499031845,0.008132771485953316,0.023595986059919645,155.68309649731285,5.544930167356421
0.2797528462372541,0.060900618703960865,0.01670660622058693,0.005294692003059836,0.007632276252555542,0.010193015196696784,0.02517429608411825,131.7059415742766,4.0120133015783965
0.2748405224323097,0.057245757978913396,0.020184185269597588,0.0043677594244940785,0.007750609768550631,0.00856562959015735,0.0243020093732288,161.45077036641462,8.231509777620253
0.2774310521499391,0.057578267136221564,0.018625927538109047,0.004443656625355908,0.00770427733276964,0.008650053938116443,0.024792494770799877,160.51994131695176,4.431322224137177
0.28082819885089916,0.0585574404836821,0.01625149060584997,0.004324982085721435,0.007083131272826853,0.007810998138309482,0.02547992126121706,133.5073996193155,6.035389980421919
0.2827649727768325,0.06745442786491138,0.01888841940075579,0.004384688015963735,0.007283282487362546,0.008339325528119224,0.022047736094023523,116.1670617265469,4.332162646378615
0.2851463563371232,0.060478009745825144,0.01856500194036829,0.004549466542942663,0.007645703455906116,0.009439276383147656,0.02496938281602791,106.3718626480429,8.532622643562192
0.2862299144569276,0.061135530608449735,0.018343615838633524,0.004762373802673959,0.007234486419115086,0.009090305301277152,0.025531706131773486,111.98440444239812,6.284132711990273
0.28061606318930066,0.05443542683113441,0.01751040574349803,0.004369524226348361,0.006805650103228643,0.008573928458049945,0.020195883293545696,134.73720404471712,5.9050053691074185
0.27937025859953996,0.06065014951620731,0.01868247545863758,0.004957325641018628,0.008078907730896982,0.009512059638161412,0.02774270236170738,137.66096330765276,6.339949919415258
0.27768758027236035,0.05538307961859273,0.017363208199583244,0.004981714224371437,0.008964854202904118,0.00919171716636584,0.025649605875756126,144.31003546701888,6.242902234257759
0.2749654987344695,0.06278217368902567,0.018955539271682722,0.0047109914109664105,0.0063653828605018895,0.008738450546584694,0.021901821829888337,161.00934446117682,5.387603468343942
0.2693295537606177,0.05464448805726719,0.019251295268058497,0.004817462226656728,0.008575204429592257,0.010223674961268553,0.028298864194779703,173.21742062012848,5.817604487026652
0.2725136339744728,0.06569374648568851,0.019215437113907365,0.004360077178695562,0.007076359775262427,0.008554057080378609,0.025510184282471246,162.65959325771482,5.633996646889335
0.27561417131893384,0.05569238055770094,0.018870177927376986,0.004440782406854317,0.007123429289600177,0.009594293171570348,0.02683170390482924,148.4312266361672,6.083743352105079
0.2762246557398302,0.05378813238960778,0.01899644622157001,0.004244048766602229,0.007553404736719683,0.00937451760243422,0.027241233596525034,149.64904351585474,6.443077688690907
0.2825534354849699,0.06703477485855297,0.01908590961158551,0.004216999113335476,0.007358961855387978,0.009182464125022424,0.023876320752142827,118.71371368201993,5.549233870301814
0.28294692329319165,0.06563484357253577,0.021028996670758242,0.004130817993983011,0.007605076525491866,0.009195750522978292,0.024028077379039663,125.01398912739623,7.571061993731557
0.28129600405061495,0.057247270001683954,0.015498836530102235,0.004989075547329369,0.00805177609632874,0.008996181706506842,0.020684850915048278,136.7560514319815,4.578184064060993
0.28118742805262215,0.059082891904859706,0.020869875588905788,0.004925874084388817,0.007322547397663575,0.007994826749964296,0.02593833211065254,129.26052088344318,4.507340201270172
0.2799700112974784,0.054342004906529726,0.016605402327464106,0.005164250380558725,0.007754419173438433,0.009229955356034651,0.02329328835487429,142.22973665882193,7.083352690732453
0.2801929504697933,0.06374005136357398,0.020243432901333035,0.0042431642191993165,0.007029943596483295,0.008915348295178243,0.025934102366763655,137.89133674756266,4.732296928219399
0.2787902914794717,0.056229549045794615,0.018860463656288604,0.004444841788352465,0.0069051329383336656,0.009036154138078827,0.020778186978992554,147.05399250099686,6.424327831843819
0.27949406354798667,0.05841892804196611,0.01853109837687006,0.004257135308870013,0.007057553837616525,0.00868703809035706,0.02310304780932923,140.66973065946365,8.05570374581964
0.28147463314532345,0.05483202869387969,0.01797719772864851,0.005060264604146564,0.007512067897198118,0.009752252182202228,0.021300309675322,129.11955743681744,5.155614049604534
0.2737226619157893,0.057308508023621,0.017950497409368354,0.00437500091650256,0.007621787292082266,0.008402585323866882,0.027172874867103583,167.426961619228,6.981784710133528
0.27404683227236126,0.054148165750883506,0.018681493221154595,0.004434183355647374,0.0068933591357723785,0.008014937235010493,0.03266565454604812,171.14458993928423,7.129678710547453
0.27516696436129773,0.06289711943004837,0.015693784119956825,0.004887474337266938,0.007549461503436829,0.01077005116398633,0.023138605604821564,157.4650423289957,5.149801496948949
0.2759966903115311,0.0629660367451154,0.016178754304774178,0.0048710893858539,0.007323619255061403,0.011480603726108877,0.02499745889150459,156.25812834354375,4.741481433076327
0.2764396602782619,0.057048080435387644,0.021173896177616832,0.004687854046742178,0.008592746245458766,0.007708872293795771,0.027527792128718323,153.83074246673533,6.300740741784754
0.27834460811659667,0.056696989412308094,0.016614566080656767,0.0043556519352167655,0.00664898876289727,0.009524659004875462,0.022646143710616184,148.58837182120712,5.93052743361131
0.28248623096292214,0.061003275514925695,0.020430375098238078,0.005146428685510294,0.00793887735528942,0.008556100869365594,0.025184361779204523,121.8247796807364,5.222286969632456
0.28602733099377226,0.04921268302869919,0.01984601451491762,0.004936493590559638,0.006685739957403519,0.009515029299786454,0.024883306494103502,113.90078821348834,5.759404953989577
0.2762812495198922,0.07074842899293247,0.016503576153989123,0.004468702088769793,0.008190301488121107,0.008700319845410018,0.02313537443998719,158.22640326808815,5.196469938978481
0.2786361371978672,0.06739889504820909,0.016526526929810006,0.004183234564956289,0.009003364479917612,0.008051134927887683,0.020971801667787227,138.8773439152316,5.987466821567002
0.27783389326371927,0.05814980210213007,0.02108668311048422,0.005350062987564307,0.008011005407996954,0.008428234511605435,0.02908304819608874,134.8992615106865,6.059169550559685
0.2789284358169741,0.05827361359346529,0.01731964812933373,0.0049042094764810895,0.0071624238658249345,0.00848060873815458,0.019699149526138427,147.8123747528724,5.034428794145245
